original_name	bytes	sha256	status	saved_as
 The mandate of how barran dodger was treated .pdf	214848	21bd5ccdbf8b80e694a21a4b3e742225d04b21e28dc45008eeb5cee8edcf125a	copied	The mandate of how barran dodger was treated .pdf
 THE STREETS KNOW YOUR NAME-A PROPHETIC NARRATIVE.pdf	344513	2a6e5298def5a7d494c7e530d8d5b61c8b8a7e2d4b8d5fb6bf4d9c1112b5d5ea	copied	THE STREETS KNOW YOUR NAME-A PROPHETIC NARRATIVE.pdf
 UNSEALED - “Time Stamps 2025” Exposes a Continuous Pattern of State Neglect, Pe (1).pdf	634264	9217ee6cc083303b4ea77a1ac19653115570745784e8651799f6880e65791b8d	not-copied-duplicate-of-another-file-in-this-dropbox-folder	UNSEALED - “Time Stamps 2025” Exposes a Continuous Pattern of State Neglect, Pe.pdf
 UNSEALED - “Time Stamps 2025” Exposes a Continuous Pattern of State Neglect, Pe.pdf	634264	9217ee6cc083303b4ea77a1ac19653115570745784e8651799f6880e65791b8d	copied	UNSEALED - “Time Stamps 2025” Exposes a Continuous Pattern of State Neglect, Pe.pdf
 Urgent Humanitarian Assistance Request – Political Exile and Critical Risk Situ (1).pdf	82614	aad645d6651be9bd2d6709a25600e3419ab84179972814172c5e0f2169e9374e	not-copied-duplicate-of-another-file-in-this-dropbox-folder	Urgent Humanitarian Assistance Request – Political Exile and Critical Risk Situ.pdf
 Urgent Humanitarian Assistance Request – Political Exile and Critical Risk Situ.pdf	82614	aad645d6651be9bd2d6709a25600e3419ab84179972814172c5e0f2169e9374e	copied	Urgent Humanitarian Assistance Request – Political Exile and Critical Risk Situ.pdf
 “THE PAPER TRAIL OF ERASURE - How Official Records Reveal a System Engineered t (1).pdf	82793	ecb9016cc626eb071410f9a505f432aa1ec6fc4a9fad2539f3af0a6b0df65708	not-copied-duplicate-of-another-file-in-this-dropbox-folder	“THE PAPER TRAIL OF ERASURE - How Official Records Reveal a System Engineered t.pdf
 “THE PAPER TRAIL OF ERASURE - How Official Records Reveal a System Engineered t.pdf	82793	ecb9016cc626eb071410f9a505f432aa1ec6fc4a9fad2539f3af0a6b0df65708	copied	“THE PAPER TRAIL OF ERASURE - How Official Records Reveal a System Engineered t.pdf
04.07.2023 Thank you for contacting VALID intake  We provide individual advocacy for people over 18 with intellectual disability who live in Victoria.  We are not able to take on all requests.Automatic reply Hi from rich .pdf	118016	870267e1e4b92b8d316ffb11eb36977379537d1fca6e754c99c6ea66f5a6f668	not-copied-identical-bytes-already-in-repo	
07.01.2024 letter to ndis ceo rebecca faulkingham Demand for accountability  drrichmclean (1).pdf	2305466	d5d524292477a753c136f8c03e8777decc89f59cfbe257f18a7252533b480316	not-copied-identical-bytes-already-in-repo	
07.01.2024 letter to ndis ceo rebecca faulkingham Demand for accountability  drrichmclean.pdf	2305466	d5d524292477a753c136f8c03e8777decc89f59cfbe257f18a7252533b480316	not-copied-identical-bytes-already-in-repo	
08.01.2024 scott treadwell Federal Court - superannuation and NDIS CEO (1).pdf	133952	dc1cf6e4329984baea841275c6789b306160069ae89952ca189a5af0cc889b59	not-copied-identical-bytes-already-in-repo	
08.01.2024 scott treadwell Federal Court - superannuation and NDIS CEO.pdf	133952	dc1cf6e4329984baea841275c6789b306160069ae89952ca189a5af0cc889b59	not-copied-identical-bytes-already-in-repo	
10 essays on barran dodger  (1).pdf	298038	b9159c02c0d1250c75d9988850e40d6a48116032fcadbb154218e7fcded605d6	not-copied-identical-bytes-already-in-repo	
10 essays on barran dodger .pdf	298038	b9159c02c0d1250c75d9988850e40d6a48116032fcadbb154218e7fcded605d6	not-copied-identical-bytes-already-in-repo	
100 Pressing Questions About Barran Dodger (Richard W. McLean)  PDF  Jesus  D (1).pdf	144361	6955b18b61d3fda26dc21169bb4e0301c4c27a9e84d762b068c81631701edbf4	not-copied-duplicate-of-another-file-in-this-dropbox-folder	100 Pressing Questions About Barran Dodger (Richard W. McLean) PDF Jesus D.pdf
100 Pressing Questions About Barran Dodger (Richard W. McLean)  PDF  Jesus  D.pdf	144361	6955b18b61d3fda26dc21169bb4e0301c4c27a9e84d762b068c81631701edbf4	copied	100 Pressing Questions About Barran Dodger (Richard W. McLean) PDF Jesus D.pdf
11.12.2023 Safe Steps rejection Family violence Urgent from Dr Rich McLean (1).pdf	161113	5a10717e122cd74e8b29d4e3fc3b9121dbbcbf3038d2317a03700004f3c7f6fe	not-copied-identical-bytes-already-in-repo	
11.12.2023 Safe Steps rejection Family violence Urgent from Dr Rich McLean.pdf	161113	5a10717e122cd74e8b29d4e3fc3b9121dbbcbf3038d2317a03700004f3c7f6fe	not-copied-identical-bytes-already-in-repo	
12.08.2023 The Hon Emma McBride MP (1).pdf	109485	ad5dd1b91f43c3e0e8582a5f05823383be02b8ebe88f63f20459d41b9c8fb5cc	not-copied-duplicate-of-another-file-in-this-dropbox-folder	12.08.2023 The Hon Emma McBride MP.pdf
12.08.2023 The Hon Emma McBride MP.pdf	109485	ad5dd1b91f43c3e0e8582a5f05823383be02b8ebe88f63f20459d41b9c8fb5cc	copied	12.08.2023 The Hon Emma McBride MP.pdf
144 reasons barran dodger is gods chosen witness under Christ as revelation  (1).pdf	9391909	efa240979b4244b4f1e158002c6070ea6bffee023cd8ddf9e16231cbba41fd75	not-copied-duplicate-of-another-file-in-this-dropbox-folder	144 reasons barran dodger is gods chosen witness under Christ as revelation .pdf
144 reasons barran dodger is gods chosen witness under Christ as revelation .pdf	9391909	efa240979b4244b4f1e158002c6070ea6bffee023cd8ddf9e16231cbba41fd75	copied	144 reasons barran dodger is gods chosen witness under Christ as revelation .pdf
15.11.2021 Commonwealth Ombudsman Complaint  2021103546 Richard McLean  copy (1).pdf	82206	c9990c643c7d50206b2d61500d647ec6644cdfb464406d92327132ac9c1dd339	not-copied-duplicate-of-another-file-in-this-dropbox-folder	15.11.2021 Commonwealth Ombudsman Complaint 2021103546 Richard McLean copy.pdf
15.11.2021 Commonwealth Ombudsman Complaint  2021103546 Richard McLean  copy.pdf	82206	c9990c643c7d50206b2d61500d647ec6644cdfb464406d92327132ac9c1dd339	copied	15.11.2021 Commonwealth Ombudsman Complaint 2021103546 Richard McLean copy.pdf
18.11.2021 IBAC PID rejection PID-2021-400008-R copy (1).pdf	126732	b93e23d9d1959cf399f3956147ff923b802951c0ee265bcb4086293999c32425	not-copied-duplicate-of-another-file-in-this-dropbox-folder	18.11.2021 IBAC PID rejection PID-2021-400008-R copy.pdf
18.11.2021 IBAC PID rejection PID-2021-400008-R copy.pdf	126732	b93e23d9d1959cf399f3956147ff923b802951c0ee265bcb4086293999c32425	copied	18.11.2021 IBAC PID rejection PID-2021-400008-R copy.pdf
20 (1).pdf	859914	28b55525bb1b26372eada493808679d2113d0e9bf652267293a7efbe6a5a4829	not-copied-duplicate-of-another-file-in-this-dropbox-folder	20.pdf
20.pdf	859914	28b55525bb1b26372eada493808679d2113d0e9bf652267293a7efbe6a5a4829	copied	20.pdf
2023 03 27 federal court satisfied i am or was an employee of DSS Final Assessment - Dr Rich McLean copy 7 (1).pdf	4	55f6a88dc02579e8f6f191ee9ec91f66067b5d362434877cfbc325e4bf23aef1	not-copied-not-a-pdf	
2023 03 27 federal court satisfied i am or was an employee of DSS Final Assessment - Dr Rich McLean copy 7.pdf	4	55f6a88dc02579e8f6f191ee9ec91f66067b5d362434877cfbc325e4bf23aef1	not-copied-not-a-pdf	
2023 03 27 Final Assessment - Dr Rich McLean copy 7 (1).pdf	222002	6bf860a2dceb1ba1b5df7b626b04c9699ebbd28ff4f0cadb7d70bd71ae50312b	not-copied-duplicate-of-another-file-in-this-dropbox-folder	2023 03 27 Final Assessment - Dr Rich McLean copy 7.pdf
2023 03 27 Final Assessment - Dr Rich McLean copy 7.pdf	222002	6bf860a2dceb1ba1b5df7b626b04c9699ebbd28ff4f0cadb7d70bd71ae50312b	copied	2023 03 27 Final Assessment - Dr Rich McLean copy 7.pdf
2026-03-16_PaperTrailOfErasure_BarranDodger.pages  2 (1).pdf	97362	a5a3709e86054260ec7ed0bc35b394b7f6cbc3eb3d03e6eb4aebba6977fbfe54	not-copied-duplicate-of-another-file-in-this-dropbox-folder	2026-03-16_PaperTrailOfErasure_BarranDodger.pages 2.pdf
2026-03-16_PaperTrailOfErasure_BarranDodger.pages  2.pdf	97362	a5a3709e86054260ec7ed0bc35b394b7f6cbc3eb3d03e6eb4aebba6977fbfe54	copied	2026-03-16_PaperTrailOfErasure_BarranDodger.pages 2.pdf
2026-03-16_PaperTrailOfErasure_BarranDodger.pages  5 (1).pdf	216302	17578be1665a0efb6151a9654034b3a773f7a12609f02811bbd742767610e185	not-copied-duplicate-of-another-file-in-this-dropbox-folder	2026-03-16_PaperTrailOfErasure_BarranDodger.pages 5.pdf
2026-03-16_PaperTrailOfErasure_BarranDodger.pages  5.pdf	216302	17578be1665a0efb6151a9654034b3a773f7a12609f02811bbd742767610e185	copied	2026-03-16_PaperTrailOfErasure_BarranDodger.pages 5.pdf
2026-03-16_PaperTrailOfErasure_BarranDodger.pages  8 (1).pdf	237066	3578bbddd6ce36bbf65d7a058b6556fab0b9bb510ce6f492fef9ce5afbdfe131	not-copied-duplicate-of-another-file-in-this-dropbox-folder	2026-03-16_PaperTrailOfErasure_BarranDodger.pages 8.pdf
2026-03-16_PaperTrailOfErasure_BarranDodger.pages  8.pdf	237066	3578bbddd6ce36bbf65d7a058b6556fab0b9bb510ce6f492fef9ce5afbdfe131	copied	2026-03-16_PaperTrailOfErasure_BarranDodger.pages 8.pdf
2026-05-04 11-45 AVo Tory kilbourn .pdf (1).pdf	1549044	73a2161394aba4aaba5756f54643529f2a053d3098eebcef782f93d6494d350c	not-copied-identical-bytes-already-in-repo	
2026-05-04 11-45 AVo Tory kilbourn .pdf.pdf	1549044	73a2161394aba4aaba5756f54643529f2a053d3098eebcef782f93d6494d350c	not-copied-identical-bytes-already-in-repo	
22.10.2021 Peter.Dunstan@apra.gov.au rejected my whistleblowe statement I cc vOAIC refuse to send me FOI's RE_ EN21_12857 PID whistleblower intentions pleas response with methodology and time scale to officially report and how [SEC=OFFICIAL] (1).pdf	95956	33a15c6d3802f25879ac4d22fb11fc3f41eddc94afac3462e751fcdedfa6996e	not-copied-identical-bytes-already-in-repo	
22.10.2021 Peter.Dunstan@apra.gov.au rejected my whistleblowe statement I cc vOAIC refuse to send me FOI's RE_ EN21_12857 PID whistleblower intentions pleas response with methodology and time scale to officially report and how [SEC=OFFICIAL].pdf	95956	33a15c6d3802f25879ac4d22fb11fc3f41eddc94afac3462e751fcdedfa6996e	not-copied-identical-bytes-already-in-repo	
24.08.2024 death threat iasonidis (1).pdf	4	55f6a88dc02579e8f6f191ee9ec91f66067b5d362434877cfbc325e4bf23aef1	not-copied-not-a-pdf	
24.08.2024 death threat iasonidis.pdf	4	55f6a88dc02579e8f6f191ee9ec91f66067b5d362434877cfbc325e4bf23aef1	not-copied-not-a-pdf	
26.03.2023 PID Commonbwealth Ombudsman  copy (1).pdf	785710	a35d969a5bd51bdcaccd99433c2fec0935b0323cada45403eb09e93546bbde8b	not-copied-duplicate-of-another-file-in-this-dropbox-folder	26.03.2023 PID Commonbwealth Ombudsman copy.pdf
26.03.2023 PID Commonbwealth Ombudsman  copy.pdf	785710	a35d969a5bd51bdcaccd99433c2fec0935b0323cada45403eb09e93546bbde8b	copied	26.03.2023 PID Commonbwealth Ombudsman copy.pdf
29.02.2008 EVIDENCE ($134.98 Costs 8 UNITS) Number 10410112 (different number) 28.02.2008 Cheque for $72,810.47  (one unit) Statement as of 28.02.2008  I PAID $21.07 Death andor TPD PLUS 12.68 IP) and PAYG 1 copy (1).pdf	4	55f6a88dc02579e8f6f191ee9ec91f66067b5d362434877cfbc325e4bf23aef1	not-copied-not-a-pdf	
29.02.2008 EVIDENCE ($134.98 Costs 8 UNITS) Number 10410112 (different number) 28.02.2008 Cheque for $72,810.47  (one unit) Statement as of 28.02.2008  I PAID $21.07 Death andor TPD PLUS 12.68 IP) and PAYG 1 copy.pdf	4	55f6a88dc02579e8f6f191ee9ec91f66067b5d362434877cfbc325e4bf23aef1	not-copied-not-a-pdf	
30 june 2019 certificate of registration (contract) contract ndis quality and safeguards commissio 4 (1).pdf	171362	a145087b8e542f8bfca942a242d19185972e98c8a4bb04c34221fe1288eea43c	not-copied-duplicate-of-another-file-in-this-dropbox-folder	30 june 2019 certificate of registration (contract) contract ndis quality and safeguards commissio 4.pdf
30 june 2019 certificate of registration (contract) contract ndis quality and safeguards commissio 4.pdf	171362	a145087b8e542f8bfca942a242d19185972e98c8a4bb04c34221fe1288eea43c	copied	30 june 2019 certificate of registration (contract) contract ndis quality and safeguards commissio 4.pdf
33rd Degree Shadow Analysts 2 (1).pdf	422509	52c6aa67db76b78fa96460df31548583b6e816d5b10b5f9640c5befae7fbecb7	not-copied-duplicate-of-another-file-in-this-dropbox-folder	33rd Degree Shadow Analysts 2.pdf
33rd Degree Shadow Analysts 2 (2).pdf	422509	52c6aa67db76b78fa96460df31548583b6e816d5b10b5f9640c5befae7fbecb7	not-copied-duplicate-of-another-file-in-this-dropbox-folder	33rd Degree Shadow Analysts 2.pdf
33rd Degree Shadow Analysts 2.pdf	422509	52c6aa67db76b78fa96460df31548583b6e816d5b10b5f9640c5befae7fbecb7	copied	33rd Degree Shadow Analysts 2.pdf
5 reasons .pdf	151114	40e11d45464b1c9bb0bccf474f9915e25c227a3383f1e603dd243c1cf1e791a9	copied	5 reasons .pdf
575,696 barrandodger.com .pdf  (1).pdf	13339532	04557e0cb749e44563e85b2ff0fde1eca9f3b8176e9fecdc40a29f94c23e74f9	not-copied-identical-bytes-already-in-repo	
575,696 barrandodger.com .pdf .pdf	13339532	04557e0cb749e44563e85b2ff0fde1eca9f3b8176e9fecdc40a29f94c23e74f9	not-copied-identical-bytes-already-in-repo	
[Replit] Re- Re- Replit- Payment Failed - Action Required #473192 (1).pdf	37790	7e9320132178ca707be7d51c0e47bcb878a7229bd9d27793da612c3bea5e794a	not-copied-identical-bytes-already-in-repo	
[Replit] Re- Re- Replit- Payment Failed - Action Required #473192.pdf	37790	7e9320132178ca707be7d51c0e47bcb878a7229bd9d27793da612c3bea5e794a	not-copied-identical-bytes-already-in-repo	
A STATEMENT FROM THE BARRAN DODGER ARCHIVE.pdf	216535	5be87787b258602d99f0dd19598f916bf530565fa8d6d2adb773b275bdd38f27	not-copied-identical-bytes-already-in-repo	
ABLE CARE ENTRAPMENT NETWORK.pdf	91780	8685b127b8411b4e1787c8ea4fe1bd5bb6abbd1577167c1a8638e929cf969122	copied	ABLE CARE ENTRAPMENT NETWORK.pdf
Able point blocking me from attending court.pdf	2167066	ecbcbad883b4856795482640886c404c9bbb5caeb3b133636f3986a0997f76d7	copied	Able point blocking me from attending court.pdf
ABNLookupSearchResult (1).pdf	86161	880bf18ecbc85a74c9c5046d19af6b59bda30a164fa3ff0e4e3a5dc085b3e27f	not-copied-identical-bytes-already-in-repo	
ABNLookupSearchResult.pdf	86161	880bf18ecbc85a74c9c5046d19af6b59bda30a164fa3ff0e4e3a5dc085b3e27f	not-copied-identical-bytes-already-in-repo	
ACADEMIC PAPER-SYSTEMATIC PERSECUTION AND SPIRITUAL RESILIENCE (1).pdf	433706	ea99b991783161a06ed50dbd780568383284fba56aa158678f28b5c3b545a236	not-copied-duplicate-of-another-file-in-this-dropbox-folder	ACADEMIC PAPER-SYSTEMATIC PERSECUTION AND SPIRITUAL RESILIENCE.pdf
ACADEMIC PAPER-SYSTEMATIC PERSECUTION AND SPIRITUAL RESILIENCE.pdf	433706	ea99b991783161a06ed50dbd780568383284fba56aa158678f28b5c3b545a236	copied	ACADEMIC PAPER-SYSTEMATIC PERSECUTION AND SPIRITUAL RESILIENCE.pdf
Academic Synopsis — The Crowned Witness (1).pdf	49790	a2925cafba693312204aa34df2e338f37274d17f62789146dd451c9095fc57f8	not-copied-duplicate-of-another-file-in-this-dropbox-folder	Academic Synopsis — The Crowned Witness.pdf
Academic Synopsis — The Crowned Witness.pdf	49790	a2925cafba693312204aa34df2e338f37274d17f62789146dd451c9095fc57f8	copied	Academic Synopsis — The Crowned Witness.pdf
Achieve Research Success with Pubrica’s Support Services (1).pdf	3611560	af332248b3a407227d26e714ec07fc596d4c0e916df809031221a7914c531451	not-copied-identical-bytes-already-in-repo	
Achieve Research Success with Pubrica’s Support Services.pdf	3611560	af332248b3a407227d26e714ec07fc596d4c0e916df809031221a7914c531451	not-copied-identical-bytes-already-in-repo	
ADV-2908061 DODGER (1).pdf	92290	408ee1a3bb4715e9cfb332dc44b6b89788dbcfa5c1cd11fac807213029a5a717	not-copied-identical-bytes-already-in-repo	
ADV-2908061 DODGER.pdf	92290	408ee1a3bb4715e9cfb332dc44b6b89788dbcfa5c1cd11fac807213029a5a717	not-copied-identical-bytes-already-in-repo	
Affidavit of Evidence Alignment   (1).pdf	3987676	8306b1eb0625cba6e91e31cc31e468b0efdab6595323ecf0c4800aab387fffd5	not-copied-identical-bytes-already-in-repo	
Affidavit of Evidence Alignment  .pdf	3987676	8306b1eb0625cba6e91e31cc31e468b0efdab6595323ecf0c4800aab387fffd5	not-copied-identical-bytes-already-in-repo	
After forensic statement  2 (1).pdf	199715	e30b816407b99f2b7da8768d93e1f0e42e80a51d755636bbdbcbd2a207e81100	not-copied-identical-bytes-already-in-repo	
After forensic statement  2.pdf	199715	e30b816407b99f2b7da8768d93e1f0e42e80a51d755636bbdbcbd2a207e81100	not-copied-identical-bytes-already-in-repo	
AHRC Acknowledges Gangstalking in Classified Federal Correspondence… (1).pdf	49551	92b9ad996d9ec3b47dd97ce334acdaaaf6aa5dd86989f10a693d71661bb7a5fd	not-copied-duplicate-of-another-file-in-this-dropbox-folder	AHRC Acknowledges Gangstalking in Classified Federal Correspondence….pdf
AHRC Acknowledges Gangstalking in Classified Federal Correspondence….pdf	49551	92b9ad996d9ec3b47dd97ce334acdaaaf6aa5dd86989f10a693d71661bb7a5fd	copied	AHRC Acknowledges Gangstalking in Classified Federal Correspondence….pdf
Ai and democracy by Barran Resonance Dodger  (1).pdf	568130	00e15b5a79d4f0d60c7d6f50cd922650c41f9551122518b6d7dd71fecbcde187	not-copied-identical-bytes-already-in-repo	
Ai and democracy by Barran Resonance Dodger .pdf	568130	00e15b5a79d4f0d60c7d6f50cd922650c41f9551122518b6d7dd71fecbcde187	not-copied-identical-bytes-already-in-repo	
AI Drive- Built for Legal & Professional Workflows (1).pdf	5233999	201572a284d08c5dba6f294026cb3d8fed85dc78ad3eccd5f97a87d555d1e1ac	not-copied-duplicate-of-another-file-in-this-dropbox-folder	AI Drive- Built for Legal & Professional Workflows.pdf
AI Drive- Built for Legal & Professional Workflows.pdf	5233999	201572a284d08c5dba6f294026cb3d8fed85dc78ad3eccd5f97a87d555d1e1ac	copied	AI Drive- Built for Legal & Professional Workflows.pdf
Ai_and_democracy_by_Barran_Resonance_Dodger (1).pdf	564989	48d5e2e521cab509eb63ac995a11297d1bef9fba14ee722b46e01080a937e51f	not-copied-identical-bytes-already-in-repo	
Ai_and_democracy_by_Barran_Resonance_Dodger.pdf	564989	48d5e2e521cab509eb63ac995a11297d1bef9fba14ee722b46e01080a937e51f	not-copied-identical-bytes-already-in-repo	
Alien races (1).pdf	943630	654865f390d1cf7b96a27d6c4c927b010877ea4bcfb81cef79ac4b2e565e07cf	not-copied-identical-bytes-already-in-repo	
Alien races.pdf	943630	654865f390d1cf7b96a27d6c4c927b010877ea4bcfb81cef79ac4b2e565e07cf	not-copied-identical-bytes-already-in-repo	
Alive or Dead, Barran Dodger’s Existence Heralds the Beginning of the Great Unve (1).pdf	228310	3dcc5f1e5be4e7a22c4852a7c7af0c2d998a0cd1f5d3c4b144862b569a8068e6	not-copied-duplicate-of-another-file-in-this-dropbox-folder	Alive or Dead, Barran Dodger’s Existence Heralds the Beginning of the Great Unve.pdf
Alive or Dead, Barran Dodger’s Existence Heralds the Beginning of the Great Unve.pdf	228310	3dcc5f1e5be4e7a22c4852a7c7af0c2d998a0cd1f5d3c4b144862b569a8068e6	copied	Alive or Dead, Barran Dodger’s Existence Heralds the Beginning of the Great Unve.pdf
ANALYSIS #24 — DIVINE BEFORE YOUR TIMEForensic Corroboration — April… (1).pdf	100435	41f21a601d6b67f5438a26d8c9d8147778d8954d32b6fb434f04e55f1099fb34	not-copied-duplicate-of-another-file-in-this-dropbox-folder	ANALYSIS #24 — DIVINE BEFORE YOUR TIMEForensic Corroboration — April….pdf
ANALYSIS #24 — DIVINE BEFORE YOUR TIMEForensic Corroboration — April….pdf	100435	41f21a601d6b67f5438a26d8c9d8147778d8954d32b6fb434f04e55f1099fb34	copied	ANALYSIS #24 — DIVINE BEFORE YOUR TIMEForensic Corroboration — April….pdf
Analysis #31 — They Needed An Army- The Stefan Iasonidis Dossier… 2 (1).pdf	114454	92ca1834474c1c0cbfb6c41843d354778a861c741b2221b7cc45bb250dcb27d8	not-copied-duplicate-of-another-file-in-this-dropbox-folder	Analysis #31 — They Needed An Army- The Stefan Iasonidis Dossier… 2.pdf
Analysis #31 — They Needed An Army- The Stefan Iasonidis Dossier… 2.pdf	114454	92ca1834474c1c0cbfb6c41843d354778a861c741b2221b7cc45bb250dcb27d8	copied	Analysis #31 — They Needed An Army- The Stefan Iasonidis Dossier… 2.pdf
Analysis #57- They Built Their Empire in the Dark, But Forgot One Thing — Forens (1).pdf	1506647	48724656276fd4ae691961713c6d64008c3cd20ba01982303d3a0a2f27b41a0c	not-copied-identical-bytes-already-in-repo	
Analysis #57- They Built Their Empire in the Dark, But Forgot One Thing — Forens.pdf	1506647	48724656276fd4ae691961713c6d64008c3cd20ba01982303d3a0a2f27b41a0c	not-copied-identical-bytes-already-in-repo	
Anglicare confidential  (1).pdf	197542	4546d1ccb39bed710242ccb4bd0569c1452d18f0a64418f92b69699d8b084e9e	not-copied-identical-bytes-already-in-repo	
Anglicare confidential .pdf	197542	4546d1ccb39bed710242ccb4bd0569c1452d18f0a64418f92b69699d8b084e9e	not-copied-identical-bytes-already-in-repo	
Apotheosis (1).pdf	75211	843e08f9f9d86f7b5df3e9e89d166c6889238d382c3b27e7d33ae17a4df80d5f	not-copied-identical-bytes-already-in-repo	
Apotheosis 2 (1).pdf	75121	2eb47db7f068e4d0446702e84e3cbd377c6667c249a7b5061e958f61f177548e	not-copied-identical-bytes-already-in-repo	
Apotheosis 2.pdf	75121	2eb47db7f068e4d0446702e84e3cbd377c6667c249a7b5061e958f61f177548e	not-copied-identical-bytes-already-in-repo	
Apotheosis.pdf	75211	843e08f9f9d86f7b5df3e9e89d166c6889238d382c3b27e7d33ae17a4df80d5f	not-copied-identical-bytes-already-in-repo	
Application-For-Legal-Aid filled out barran dodger  (1).pdf	311628	dbcf277e425f2f687cf7db52e543fa4b8ca943434810e1946992a0c9beaf5901	not-copied-identical-bytes-already-in-repo	
Application-For-Legal-Aid filled out barran dodger .pdf	311628	dbcf277e425f2f687cf7db52e543fa4b8ca943434810e1946992a0c9beaf5901	not-copied-identical-bytes-already-in-repo	
ARCHIVE PERFORMANCE REPORT (1).pdf	302086	1fc383637d54475d3cc12a3c229e4ca5212f46111fc1200114b440fa1ce26a60	not-copied-duplicate-of-another-file-in-this-dropbox-folder	ARCHIVE PERFORMANCE REPORT.pdf
ARCHIVE PERFORMANCE REPORT.pdf	302086	1fc383637d54475d3cc12a3c229e4ca5212f46111fc1200114b440fa1ce26a60	copied	ARCHIVE PERFORMANCE REPORT.pdf
ARE YOU FUCKING JOKING ME lol (1).pdf	140017385	90016b3415d10a534b363b7a0e0169aaceabfb149fb7e469d38b008f8052e3a4	not-copied-over-100mb	
ARE YOU FUCKING JOKING ME lol.pdf	140017385	90016b3415d10a534b363b7a0e0169aaceabfb149fb7e469d38b008f8052e3a4	not-copied-over-100mb	
ASIC search results for “rich mclean”  (1).pdf	55528	8908ff3d5bfb0b56a05a1e2d21e02b5e9ab9ed85eacca6df93a32006d3c8618f	not-copied-identical-bytes-already-in-repo	
ASIC search results for “rich mclean” .pdf	55528	8908ff3d5bfb0b56a05a1e2d21e02b5e9ab9ed85eacca6df93a32006d3c8618f	not-copied-identical-bytes-already-in-repo	
Ask God what is barran  (1).pdf	437372	51a94fbafc10532b4c470026ae1b4cf798194291ae2a4468fd52343584c73a91	not-copied-duplicate-of-another-file-in-this-dropbox-folder	Ask God what is barran .pdf
Ask God what is barran .pdf	437372	51a94fbafc10532b4c470026ae1b4cf798194291ae2a4468fd52343584c73a91	copied	Ask God what is barran .pdf
Assassination attempt conspiracy to murder targeted killing (1).pdf	570068	cc57728280ce687907a278e005361a57caf4487bc57c95830e742be33496d4ca	not-copied-duplicate-of-another-file-in-this-dropbox-folder	Assassination attempt conspiracy to murder targeted killing.pdf
Assassination attempt conspiracy to murder targeted killing.pdf	570068	cc57728280ce687907a278e005361a57caf4487bc57c95830e742be33496d4ca	copied	Assassination attempt conspiracy to murder targeted killing.pdf
Asylum claim -  Subject- URGENT HUMANITARIAN TESTIMONY & REQUEST FOR REVIEW — Dr (1).pdf	61530	c60ecf822fc2b69f988991cc3c44727723d79ff06f6e5b8ca55a6861290d4175	not-copied-duplicate-of-another-file-in-this-dropbox-folder	Asylum claim - Subject- URGENT HUMANITARIAN TESTIMONY & REQUEST FOR REVIEW — Dr.pdf
Asylum claim -  Subject- URGENT HUMANITARIAN TESTIMONY & REQUEST FOR REVIEW — Dr.pdf	61530	c60ecf822fc2b69f988991cc3c44727723d79ff06f6e5b8ca55a6861290d4175	copied	Asylum claim - Subject- URGENT HUMANITARIAN TESTIMONY & REQUEST FOR REVIEW — Dr.pdf
Barran Dodger Archive Ethical & Legal Trust Fund Statement including….pdf	4187341	1f57f24078dca19e7a175f2f2d508f7d592c16b1b7c12da4eb372181c1a15c8d	copied	Barran Dodger Archive Ethical & Legal Trust Fund Statement including….pdf
Barran Dodger Archive — The Witness Remains 2.pdf	1949858	bfde2a27b6d1a32b2479b0c215aadcc38ccd2077ce70b9cf358b9210f4d085f8	not-copied-identical-bytes-already-in-repo	
Barran Dodger Archive — The Witness Remains.pdf	98761	6fd1c86556ada8c42478d5c2a2004722eecdda00040d0b47bb526a47177b5b7d	not-copied-identical-bytes-already-in-repo	
Barran dodger death notice 2 (1).pdf	204127	c4d07d8ac2f82adec05c71f3519f390c2cd6fdd53b636c56db3126503f611f2f	not-copied-duplicate-of-another-file-in-this-dropbox-folder	Barran dodger death notice 2.pdf
Barran dodger death notice 2.pdf	204127	c4d07d8ac2f82adec05c71f3519f390c2cd6fdd53b636c56db3126503f611f2f	copied	Barran dodger death notice 2.pdf
Barran dodger is alive and God vindicated him in the name of Christ amen  by Do (1).pdf	2049095	ca6ef197f992d699eb9faf09cfb56bac67c59a81244320b61fc2c24d337ceb27	not-copied-duplicate-of-another-file-in-this-dropbox-folder	Barran dodger is alive and God vindicated him in the name of Christ amen by Do.pdf
Barran dodger is alive and God vindicated him in the name of Christ amen  by Do.pdf	2049095	ca6ef197f992d699eb9faf09cfb56bac67c59a81244320b61fc2c24d337ceb27	copied	Barran dodger is alive and God vindicated him in the name of Christ amen by Do.pdf
Barran dodger is gods chosen witness under Christ to herald heaven in earth  2 (1).pdf	8892775	7c06998f54675adbb4fc07f147949b3d4c0f9bc4b3d59f09ab3cddd541653e79	not-copied-duplicate-of-another-file-in-this-dropbox-folder	Barran dodger is gods chosen witness under Christ to herald heaven in earth 2.pdf
Barran dodger is gods chosen witness under Christ to herald heaven in earth  2.pdf	8892775	7c06998f54675adbb4fc07f147949b3d4c0f9bc4b3d59f09ab3cddd541653e79	copied	Barran dodger is gods chosen witness under Christ to herald heaven in earth 2.pdf
Barran Dodger Legal & Ethical Trust Fund  240+ Blockchain-Verified Documents Ex (1).pdf	401506	e83375fde734dc9d9d563e2c9e1f84ae59fa59f74bd10042803755fbd4ae5bda	not-copied-duplicate-of-another-file-in-this-dropbox-folder	Barran Dodger Legal & Ethical Trust Fund 240+ Blockchain-Verified Documents Ex.pdf
Barran Dodger Legal & Ethical Trust Fund  240+ Blockchain-Verified Documents Ex.pdf	401506	e83375fde734dc9d9d563e2c9e1f84ae59fa59f74bd10042803755fbd4ae5bda	copied	Barran Dodger Legal & Ethical Trust Fund 240+ Blockchain-Verified Documents Ex.pdf
Barran dodger search on ASIC over thirty matches  (1).pdf	87826	e7e181f8861cdc4038f6ed1a1ba1024f79df16065741eebd970ab8fd2d206d7c	not-copied-identical-bytes-already-in-repo	
Barran dodger search on ASIC over thirty matches .pdf	87826	e7e181f8861cdc4038f6ed1a1ba1024f79df16065741eebd970ab8fd2d206d7c	not-copied-identical-bytes-already-in-repo	
Barran dodger whistleblower .pdf (1).pdf	492519	9f21284f9b0b76593bc88c379b91c51df50ba738b157b66b4d05e6dcf7e8ce5c	not-copied-duplicate-of-another-file-in-this-dropbox-folder	Barran dodger whistleblower .pdf.pdf
Barran dodger whistleblower .pdf.pdf	492519	9f21284f9b0b76593bc88c379b91c51df50ba738b157b66b4d05e6dcf7e8ce5c	copied	Barran dodger whistleblower .pdf.pdf
Barran Dodger, google, accountability & ndis, guardianship (1).pdf	169345	5763d69d48ea4324babcac109cf22833c713ede300cdf96bd50d83f7ff426bef	not-copied-duplicate-of-another-file-in-this-dropbox-folder	Barran Dodger, google, accountability & ndis, guardianship.pdf
Barran Dodger, google, accountability & ndis, guardianship.pdf	169345	5763d69d48ea4324babcac109cf22833c713ede300cdf96bd50d83f7ff426bef	copied	Barran Dodger, google, accountability & ndis, guardianship.pdf
Barran Dodgers myaidrive.com (1).pdf	226432	a3a76689e463fee9582008493e93b6cce23ee84d72471d16234a42b1e50942a6	not-copied-duplicate-of-another-file-in-this-dropbox-folder	Barran Dodgers myaidrive.com.pdf
Barran Dodgers myaidrive.com.pdf	226432	a3a76689e463fee9582008493e93b6cce23ee84d72471d16234a42b1e50942a6	copied	Barran Dodgers myaidrive.com.pdf
Barran Dodget FCAx (1).pdf	1345062	2eefc2b7a54ad2feb84a632a4682edb35f54ec2274ee1b17f0217d05f1c2ca54	not-copied-duplicate-of-another-file-in-this-dropbox-folder	Barran Dodget FCAx.pdf
Barran Dodget FCAx.pdf	1345062	2eefc2b7a54ad2feb84a632a4682edb35f54ec2274ee1b17f0217d05f1c2ca54	copied	Barran Dodget FCAx.pdf
Barran resonance dodger (1).pdf	89063	379f3b2f9dae25e9da0a9e0f9cfe3d2a895ec819c2239456cbfaba8d3213578b	not-copied-duplicate-of-another-file-in-this-dropbox-folder	Barran resonance dodger.pdf
Barran Resonance Dodger birth certificate ID 09.12.2021  1 2 (1).pdf	809765	8ede94a6a9fca6e683e22990acd82c17c94e886c3ba4d34bb64fba9dd381d00e	not-copied-duplicate-of-another-file-in-this-dropbox-folder	Barran Resonance Dodger birth certificate ID 09.12.2021 1 2.pdf
Barran Resonance Dodger birth certificate ID 09.12.2021  1 2.pdf	809765	8ede94a6a9fca6e683e22990acd82c17c94e886c3ba4d34bb64fba9dd381d00e	copied	Barran Resonance Dodger birth certificate ID 09.12.2021 1 2.pdf
Barran resonance dodger.pdf	89063	379f3b2f9dae25e9da0a9e0f9cfe3d2a895ec819c2239456cbfaba8d3213578b	copied	Barran resonance dodger.pdf
barran_dodger_archive_report (1).pdf	73558	c9f62662c81850e60d343afedbd372058b4f9856041aae17b1dd1d1a75a54921	not-copied-duplicate-of-another-file-in-this-dropbox-folder	barran_dodger_archive_report.pdf
barran_dodger_archive_report 2 (1).pdf	26101514	4fb3296490ae214d706683a0ee5130be679551ca028d0a4d8e91433f2d29f152	not-copied-duplicate-of-another-file-in-this-dropbox-folder	barran_dodger_archive_report 2.pdf
barran_dodger_archive_report 2 (2).pdf	26101514	4fb3296490ae214d706683a0ee5130be679551ca028d0a4d8e91433f2d29f152	not-copied-duplicate-of-another-file-in-this-dropbox-folder	barran_dodger_archive_report 2.pdf
barran_dodger_archive_report 2 (3).pdf	26101514	4fb3296490ae214d706683a0ee5130be679551ca028d0a4d8e91433f2d29f152	not-copied-duplicate-of-another-file-in-this-dropbox-folder	barran_dodger_archive_report 2.pdf
barran_dodger_archive_report 2.pdf	26101514	4fb3296490ae214d706683a0ee5130be679551ca028d0a4d8e91433f2d29f152	copied	barran_dodger_archive_report 2.pdf
barran_dodger_archive_report 4 (1).pdf	1435380	5f9db2cd6d2194e284d0d5195a9ed1a00da292abfbd9df7e8ccd32ccc68b22e4	not-copied-duplicate-of-another-file-in-this-dropbox-folder	barran_dodger_archive_report 4.pdf
barran_dodger_archive_report 4.pdf	1435380	5f9db2cd6d2194e284d0d5195a9ed1a00da292abfbd9df7e8ccd32ccc68b22e4	copied	barran_dodger_archive_report 4.pdf
barran_dodger_archive_report.pdf	73558	c9f62662c81850e60d343afedbd372058b4f9856041aae17b1dd1d1a75a54921	copied	barran_dodger_archive_report.pdf
Barran’s allegiance to the Creator under Christ  (1).pdf	2166262	59c5c14aec78aa9d40baaf38c5e27eb3dc8f4176d743d4c67449b6fcfe6388a9	not-copied-duplicate-of-another-file-in-this-dropbox-folder	Barran’s allegiance to the Creator under Christ .pdf
Barran’s allegiance to the Creator under Christ .pdf	2166262	59c5c14aec78aa9d40baaf38c5e27eb3dc8f4176d743d4c67449b6fcfe6388a9	copied	Barran’s allegiance to the Creator under Christ .pdf
Became What You Feared -  Let Them Choke on It   2 (1).pdf	716077	fc73823ec2ffbfaa50abff3f98c67f62272f0d4c80be00590d1bd0e56c562d17	not-copied-duplicate-of-another-file-in-this-dropbox-folder	Became What You Feared - Let Them Choke on It 2.pdf
Became What You Feared -  Let Them Choke on It   2.pdf	716077	fc73823ec2ffbfaa50abff3f98c67f62272f0d4c80be00590d1bd0e56c562d17	copied	Became What You Feared - Let Them Choke on It 2.pdf
Below is your LEGALLY FORTIFIED WHISTLEBLOWER PROTECTION DECLARATION, drafted to 2 (1).pdf	152270	3226f6c07535ca2195ebc7d85802ffbb4d5cff5da50459220f4d204f8df65228	not-copied-duplicate-of-another-file-in-this-dropbox-folder	Below is your LEGALLY FORTIFIED WHISTLEBLOWER PROTECTION DECLARATION, drafted to 2.pdf
Below is your LEGALLY FORTIFIED WHISTLEBLOWER PROTECTION DECLARATION, drafted to 2.pdf	152270	3226f6c07535ca2195ebc7d85802ffbb4d5cff5da50459220f4d204f8df65228	copied	Below is your LEGALLY FORTIFIED WHISTLEBLOWER PROTECTION DECLARATION, drafted to 2.pdf
BERNARD COLLAERY  (1).pdf	334292	6e990e27447495e12f9cc79ca54c6091077c493291123f68c757d0a43a16bc25	not-copied-duplicate-of-another-file-in-this-dropbox-folder	BERNARD COLLAERY .pdf
BERNARD COLLAERY .pdf	334292	6e990e27447495e12f9cc79ca54c6091077c493291123f68c757d0a43a16bc25	copied	BERNARD COLLAERY .pdf
Betrayed, Murdered, Forsaken — The Harrowing Life of Barran Dodger. Significance (1).pdf	1486100	9493a026a314e9f751b712830ecf1d98b076cf6a277c940a3bb7ce8583daf9a0	not-copied-identical-bytes-already-in-repo	
Betrayed, Murdered, Forsaken — The Harrowing Life of Barran Dodger. Significance.pdf	1486100	9493a026a314e9f751b712830ecf1d98b076cf6a277c940a3bb7ce8583daf9a0	not-copied-identical-bytes-already-in-repo	
Bevan Rhys james legal document evidence. PDF (1).pdf	151367	dcee9fdde8965da56bb13fda3d8bbb863417dfaf3d1f56fcc8d95005b62f923f	not-copied-identical-bytes-already-in-repo	
Bevan Rhys james legal document evidence. PDF.pdf	151367	dcee9fdde8965da56bb13fda3d8bbb863417dfaf3d1f56fcc8d95005b62f923f	not-copied-identical-bytes-already-in-repo	
Blank 182 (1).pdf	2487044	fefc741569196b2cc2c533a8888e85bf94962d5b039d9639e191bbaa341c5739	not-copied-identical-bytes-already-in-repo	
Blank 182.pdf	2487044	fefc741569196b2cc2c533a8888e85bf94962d5b039d9639e191bbaa341c5739	not-copied-identical-bytes-already-in-repo	
Blank 238 (1).pdf	434544	4d1a09af54d10ef0547fd9ec2b3450b9c827030be2800ddfe43f587dd9b042d8	not-copied-duplicate-of-another-file-in-this-dropbox-folder	Blank 238.pdf
Blank 238.pdf	434544	4d1a09af54d10ef0547fd9ec2b3450b9c827030be2800ddfe43f587dd9b042d8	copied	Blank 238.pdf
Blank 249 (1).pdf	1058076	d54cf266a0d21dfe3612cd5b349599f4748f85a1135b7e9462c2e46112f0f0ec	not-copied-duplicate-of-another-file-in-this-dropbox-folder	Blank 249.pdf
Blank 249.pdf	1058076	d54cf266a0d21dfe3612cd5b349599f4748f85a1135b7e9462c2e46112f0f0ec	copied	Blank 249.pdf
Blank 272 (1).pdf	95846	3df4aeb171d468241e3c886484f7c517ba14c152ba0d2717139937863671d18b	not-copied-duplicate-of-another-file-in-this-dropbox-folder	Blank 272.pdf
Blank 272.pdf	95846	3df4aeb171d468241e3c886484f7c517ba14c152ba0d2717139937863671d18b	copied	Blank 272.pdf
Blank 29.pdf	205126	23c1c2fdd035a51777d559cf043c373223c41ea127204d8b5c5e7fd3a89935ce	not-copied-identical-bytes-already-in-repo	
Blockchain Verification - Immutable Evidence Timestamping  Barran Dodger Legal  2 (1).pdf	107172	eb3ba0dcf494ff561c2526113b0b3039660ab76eb0eda98ba32418d56b72aa67	not-copied-duplicate-of-another-file-in-this-dropbox-folder	Blockchain Verification - Immutable Evidence Timestamping Barran Dodger Legal 2.pdf
Blockchain Verification - Immutable Evidence Timestamping  Barran Dodger Legal  2.pdf	107172	eb3ba0dcf494ff561c2526113b0b3039660ab76eb0eda98ba32418d56b72aa67	copied	Blockchain Verification - Immutable Evidence Timestamping Barran Dodger Legal 2.pdf
Bonus Hunter - 70 Free Spins – Mythic Wolf Extreme  Ripper Casino (1).pdf	1571815	db3a7e841192f7ee6d107286af4b67d7d9f238d4f62cd971f160bbce2f0920e7	not-copied-duplicate-of-another-file-in-this-dropbox-folder	Bonus Hunter - 70 Free Spins – Mythic Wolf Extreme Ripper Casino.pdf
Bonus Hunter - 70 Free Spins – Mythic Wolf Extreme  Ripper Casino.pdf	1571815	db3a7e841192f7ee6d107286af4b67d7d9f238d4f62cd971f160bbce2f0920e7	copied	Bonus Hunter - 70 Free Spins – Mythic Wolf Extreme Ripper Casino.pdf
Bro you need. Dr - 🛑 Emergency Brief – Richard McLean (1).pdf	2458962	7e557b3fbeb440137dfd3c285795685b958fce3ad013307e491db9a1ccc3fe61	not-copied-identical-bytes-already-in-repo	
Bro you need. Dr - 🛑 Emergency Brief – Richard McLean (2).pdf	2458962	7e557b3fbeb440137dfd3c285795685b958fce3ad013307e491db9a1ccc3fe61	not-copied-identical-bytes-already-in-repo	
Bro you need. Dr - 🛑 Emergency Brief – Richard McLean.pdf	2458962	7e557b3fbeb440137dfd3c285795685b958fce3ad013307e491db9a1ccc3fe61	not-copied-identical-bytes-already-in-repo	
Brook paramedic  (1).pdf	157249	637b641f48477dd0d55df713d6ad1092065681dbd0b42ee2331e8227c12fd71a	not-copied-duplicate-of-another-file-in-this-dropbox-folder	Brook paramedic .pdf
Brook paramedic .pdf	157249	637b641f48477dd0d55df713d6ad1092065681dbd0b42ee2331e8227c12fd71a	copied	Brook paramedic .pdf
BRO… THIS ISN'T A COINCIDENCE (1).pdf	1230048	2a5106fd1df14a72c3ec826fa24f9c9ea9b2b003ec61cff1706bbfba081ec8f1	not-copied-duplicate-of-another-file-in-this-dropbox-folder	BRO… THIS ISN'T A COINCIDENCE.pdf
BRO… THIS ISN'T A COINCIDENCE.pdf	1230048	2a5106fd1df14a72c3ec826fa24f9c9ea9b2b003ec61cff1706bbfba081ec8f1	copied	BRO… THIS ISN'T A COINCIDENCE.pdf
Cailey Campbell of legal aid nsw  (1).pdf	39364	6abb248fb2df16050a9a5eed482ae0487baf2103db8e13a2238d08ef91d9916c	not-copied-duplicate-of-another-file-in-this-dropbox-folder	Cailey Campbell of legal aid nsw .pdf
Cailey Campbell of legal aid nsw .pdf	39364	6abb248fb2df16050a9a5eed482ae0487baf2103db8e13a2238d08ef91d9916c	copied	Cailey Campbell of legal aid nsw .pdf
Cancelled ABN’s www.barrandodger.com.au Search results - all ABNs and names  ABN Lookup (1).pdf	64963	f5774be752d213b609e4427534e65491bacb9db492411edb1b672bc23f77906b	not-copied-duplicate-of-another-file-in-this-dropbox-folder	Cancelled ABN’s www.barrandodger.com.au Search results - all ABNs and names ABN Lookup.pdf
Cancelled ABN’s www.barrandodger.com.au Search results - all ABNs and names  ABN Lookup.pdf	64963	f5774be752d213b609e4427534e65491bacb9db492411edb1b672bc23f77906b	copied	Cancelled ABN’s www.barrandodger.com.au Search results - all ABNs and names ABN Lookup.pdf
Cc to tony Ridley go on tell him my address (1).pdf	496069	5df2e1668f9f74f1d28f1d30b4e097da6ab0761cdd1459a157b41884efb70acb	not-copied-duplicate-of-another-file-in-this-dropbox-folder	Cc to tony Ridley go on tell him my address.pdf
Cc to tony Ridley go on tell him my address.pdf	496069	5df2e1668f9f74f1d28f1d30b4e097da6ab0761cdd1459a157b41884efb70acb	copied	Cc to tony Ridley go on tell him my address.pdf
CentrelinkÂ statement - B D (1).pdf	37520	d336b217d761c1b8ab7e1349e9a1fe055c0fc9ee9dc6384a01959a7d0eddc650	not-copied-identical-bytes-already-in-repo	
CentrelinkÂ statement - B D.pdf	37520	d336b217d761c1b8ab7e1349e9a1fe055c0fc9ee9dc6384a01959a7d0eddc650	not-copied-identical-bytes-already-in-repo	
Chosen One-GaslightingThe Truth Scares Them (1).pdf	2427176	fb136082bcfd5fd7fdc2316080922fae0e525a4f69bb0503bd4f63bd8464c219	not-copied-duplicate-of-another-file-in-this-dropbox-folder	Chosen One-GaslightingThe Truth Scares Them.pdf
Chosen One-GaslightingThe Truth Scares Them.pdf	2427176	fb136082bcfd5fd7fdc2316080922fae0e525a4f69bb0503bd4f63bd8464c219	copied	Chosen One-GaslightingThe Truth Scares Them.pdf
Chosen Ones-Wait! Who Stood Up For You Last Night Everything Flipped Instantly! (1).pdf	8091443	a58a71f70ed79f12faee19ec385b8c63c1bd35611eb894e2b56fb2d6c252d5fe	not-copied-duplicate-of-another-file-in-this-dropbox-folder	Chosen Ones-Wait! Who Stood Up For You Last Night Everything Flipped Instantly!.pdf
Chosen Ones-Wait! Who Stood Up For You Last Night Everything Flipped Instantly!.pdf	8091443	a58a71f70ed79f12faee19ec385b8c63c1bd35611eb894e2b56fb2d6c252d5fe	copied	Chosen Ones-Wait! Who Stood Up For You Last Night Everything Flipped Instantly!.pdf
Christina Ma recommending SILS (1).pdf	19038	1f16e0bf9ce527b4df6af2993c765633310f729f76d3e2e594cda71dd71315a9	not-copied-identical-bytes-already-in-repo	
Christina Ma recommending SILS.pdf	19038	1f16e0bf9ce527b4df6af2993c765633310f729f76d3e2e594cda71dd71315a9	not-copied-identical-bytes-already-in-repo	
COAG ndis  (1).pdf	4141874	6bf868ea0696c223f43b86a0d470a8e3bfd078cc146c3fa2f5ff2f8ea9ba5ca5	not-copied-duplicate-of-another-file-in-this-dropbox-folder	COAG ndis .pdf
COAG ndis .pdf	4141874	6bf868ea0696c223f43b86a0d470a8e3bfd078cc146c3fa2f5ff2f8ea9ba5ca5	copied	COAG ndis .pdf
Cocksucker  (1).pdf	1385073	34f44e74fe53b2a7882830428a889619588816c0fabe3c43bbf059cee1ddfa03	not-copied-duplicate-of-another-file-in-this-dropbox-folder	Cocksucker .pdf
Cocksucker .pdf	1385073	34f44e74fe53b2a7882830428a889619588816c0fabe3c43bbf059cee1ddfa03	copied	Cocksucker .pdf
Contact Us  Barran Dodger Legal & Ethical Trust Fund.pdf	116719	6b62e24847bd00947f8eafefd238944072ce2036b03b783f30a9e78e6d8d9f79	not-copied-identical-bytes-already-in-repo	
Create a more comprehensive and detailed command I can execute that….pdf	497180	4a3bd6ab1e85d6fbe23ded3c6e68f73b59abe50fa930ae861dba272ee99d0da5	copied	Create a more comprehensive and detailed command I can execute that….pdf
Creator’s Address to Humanity (1).pdf	146809	997d21de0cbc383d2d10e20c69914c3961c9f99fe231ae5d18e68d5bdab10561	not-copied-duplicate-of-another-file-in-this-dropbox-folder	Creator’s Address to Humanity.pdf
Creator’s Address to Humanity.pdf	146809	997d21de0cbc383d2d10e20c69914c3961c9f99fe231ae5d18e68d5bdab10561	copied	Creator’s Address to Humanity.pdf
Crimes  (1).pdf	92110	7bfdd0b0142e2c16a3b627b8ecb2701663aa927bcc1232d399c0f8127f9bf8fa	not-copied-identical-bytes-already-in-repo	
Crimes .pdf	92110	7bfdd0b0142e2c16a3b627b8ecb2701663aa927bcc1232d399c0f8127f9bf8fa	not-copied-identical-bytes-already-in-repo	
Crimes against humanity confirmed - The State’s Own Documents Tell… (1).pdf	410416	fc159e10f414e49ec7959447ef3a7e2a252b4a4e2ae2b01f86b7448085bbb2d6	not-copied-duplicate-of-another-file-in-this-dropbox-folder	Crimes against humanity confirmed - The State’s Own Documents Tell….pdf
Crimes against humanity confirmed - The State’s Own Documents Tell….pdf	410416	fc159e10f414e49ec7959447ef3a7e2a252b4a4e2ae2b01f86b7448085bbb2d6	copied	Crimes against humanity confirmed - The State’s Own Documents Tell….pdf
Crimes committed upon Barran Dodger (1).pdf	200499	bb08a2962fde699711807f5e2b53973ef730c8f7a05b50b32d56381227d6412c	not-copied-duplicate-of-another-file-in-this-dropbox-folder	Crimes committed upon Barran Dodger.pdf
Crimes committed upon Barran Dodger.pdf	200499	bb08a2962fde699711807f5e2b53973ef730c8f7a05b50b32d56381227d6412c	copied	Crimes committed upon Barran Dodger.pdf
Criminal (1).pdf	494515	09b244beb75ad97c1c7b4ead3356aeaaa4952bd9c480d76b490d812d10e854b0	not-copied-identical-bytes-already-in-repo	
Criminal.pdf	494515	09b244beb75ad97c1c7b4ead3356aeaaa4952bd9c480d76b490d812d10e854b0	not-copied-identical-bytes-already-in-repo	
Crystal needs a vet 2 (1).pdf	32304	185964777a6855444f3410a0442862852f78d9568c397990d3423fa8743e0db7	not-copied-identical-bytes-already-in-repo	
Crystal needs a vet 2.pdf	32304	185964777a6855444f3410a0442862852f78d9568c397990d3423fa8743e0db7	not-copied-identical-bytes-already-in-repo	
CTO Breach Appointment (1).pdf	226264	d60f8682962b0a0008bf0f763c3614864ac3a7de0708dae6f4a203a595d77ea1	not-copied-duplicate-of-another-file-in-this-dropbox-folder	CTO Breach Appointment.pdf
CTO Breach Appointment.pdf	226264	d60f8682962b0a0008bf0f763c3614864ac3a7de0708dae6f4a203a595d77ea1	copied	CTO Breach Appointment.pdf
Current details for ABN 72 066 207 615  ABN Lookup (1).pdf	53501	709d042cfbe5efadeb995a855299c4a87c896641e7af2115390fba486da488c3	not-copied-duplicate-of-another-file-in-this-dropbox-folder	Current details for ABN 72 066 207 615 ABN Lookup.pdf
Current details for ABN 72 066 207 615  ABN Lookup.pdf	53501	709d042cfbe5efadeb995a855299c4a87c896641e7af2115390fba486da488c3	copied	Current details for ABN 72 066 207 615 ABN Lookup.pdf
Danny met sally  2 (1).pdf	129247	4c941d3fdb32f32b1b7d8ac20e7b1fe444bda5e4094a5c09773e3aca1b9a7b3d	not-copied-identical-bytes-already-in-repo	
Danny met sally  2.pdf	129247	4c941d3fdb32f32b1b7d8ac20e7b1fe444bda5e4094a5c09773e3aca1b9a7b3d	not-copied-identical-bytes-already-in-repo	
Danny Pearson hcf AFCA Snd work cover and ndis and tax office  (1).pdf	4	55f6a88dc02579e8f6f191ee9ec91f66067b5d362434877cfbc325e4bf23aef1	not-copied-not-a-pdf	
Danny Pearson hcf AFCA Snd work cover and ndis and tax office .pdf	4	55f6a88dc02579e8f6f191ee9ec91f66067b5d362434877cfbc325e4bf23aef1	not-copied-not-a-pdf	
David  (1).pdf	296870	4b465ee39668612613434bc03d7592848bb3b38f5c958d92c59f5242c59c9d89	not-copied-duplicate-of-another-file-in-this-dropbox-folder	David .pdf
David .pdf	296870	4b465ee39668612613434bc03d7592848bb3b38f5c958d92c59f5242c59c9d89	copied	David .pdf
David examination  (1).pdf	239761	1f46b18b43235e59ca73ebb52c232cac3fbad134b1e0fafbd0d35e38fed6ce72	not-copied-identical-bytes-already-in-repo	
David examination .pdf	239761	1f46b18b43235e59ca73ebb52c232cac3fbad134b1e0fafbd0d35e38fed6ce72	not-copied-identical-bytes-already-in-repo	
David preya  (1).pdf	133689	01d04061ad4ce2cf7f800bc46ebc652ec66841d7a0a4c552b2a3ac5d8c52b2f0	not-copied-identical-bytes-already-in-repo	
David preya .pdf	133689	01d04061ad4ce2cf7f800bc46ebc652ec66841d7a0a4c552b2a3ac5d8c52b2f0	not-copied-identical-bytes-already-in-repo	
Dear Barran, 2 (1).pdf	40792	a5d514fc344fe7e81c227bb754c31e2e9addcd51657bacae0225fb9c6e703ae1	not-copied-duplicate-of-another-file-in-this-dropbox-folder	Dear Barran, 2.pdf
Dear Barran, 2.pdf	40792	a5d514fc344fe7e81c227bb754c31e2e9addcd51657bacae0225fb9c6e703ae1	copied	Dear Barran, 2.pdf
Dear Sushi Tear something smells fishy (1).pdf	315130	73a3a78e3ac2a56fccbdf662b47e06aa53d689e044cc797bf1b5aab97db7fae6	not-copied-duplicate-of-another-file-in-this-dropbox-folder	Dear Sushi Tear something smells fishy.pdf
Dear Sushi Tear something smells fishy.pdf	315130	73a3a78e3ac2a56fccbdf662b47e06aa53d689e044cc797bf1b5aab97db7fae6	copied	Dear Sushi Tear something smells fishy.pdf
Death and vindication  (1).pdf	556715	d75ea478057f9dfd7d0396dd83afc9cd4dfb8ba46d263d33821f698d0c4dc819	not-copied-identical-bytes-already-in-repo	
Death and vindication .pdf	556715	d75ea478057f9dfd7d0396dd83afc9cd4dfb8ba46d263d33821f698d0c4dc819	not-copied-identical-bytes-already-in-repo	
Decision Letter - Disposal of Ford Territory Vehicle (1).pdf	833991	02bfb2e34fd26e7ac860753ba4205f2f21bd7fdd6c518421e4fa2747839fbe43	not-copied-duplicate-of-another-file-in-this-dropbox-folder	Decision Letter - Disposal of Ford Territory Vehicle.pdf
Decision Letter - Disposal of Ford Territory Vehicle.pdf	833991	02bfb2e34fd26e7ac860753ba4205f2f21bd7fdd6c518421e4fa2747839fbe43	copied	Decision Letter - Disposal of Ford Territory Vehicle.pdf
DECLARATION FOR MEDIA DISTRIBUTION of Barran Dodger — Statement of Imminent Just (1).pdf	104638	b88734ae617fca8596becb47f8c07367f38d380422f847562fece0c97da3e5f0	not-copied-duplicate-of-another-file-in-this-dropbox-folder	DECLARATION FOR MEDIA DISTRIBUTION of Barran Dodger — Statement of Imminent Just.pdf
DECLARATION FOR MEDIA DISTRIBUTION of Barran Dodger — Statement of Imminent Just.pdf	104638	b88734ae617fca8596becb47f8c07367f38d380422f847562fece0c97da3e5f0	copied	DECLARATION FOR MEDIA DISTRIBUTION of Barran Dodger — Statement of Imminent Just.pdf
Detail (1).pdf	332720	c2dec3a26b5398b66f3c9e013a3e7ed0d8e3eb4fc80ff40135ce83ffe312c9d2	not-copied-identical-bytes-already-in-repo	
Detail.pdf	332720	c2dec3a26b5398b66f3c9e013a3e7ed0d8e3eb4fc80ff40135ce83ffe312c9d2	not-copied-identical-bytes-already-in-repo	
Digital Oppression and Institutional Failure — 100,000-Word Interdisciplinary Ex (1).pdf	6879975	0391ab0c2608df8ac1bbc6453934262ec4667c55d4308630446c570b23f87d6c	not-copied-identical-bytes-already-in-repo	
Digital Oppression and Institutional Failure — 100,000-Word Interdisciplinary Ex.pdf	6879975	0391ab0c2608df8ac1bbc6453934262ec4667c55d4308630446c570b23f87d6c	not-copied-identical-bytes-already-in-repo	
Divine Judgment, Case Closure, and Mandated Restitution in the Context of Docume (1).pdf	283519	35e62adf3a2618be5412f51f6be29783888029a09bc78cee7113335780f3484f	not-copied-identical-bytes-already-in-repo	
Divine Judgment, Case Closure, and Mandated Restitution in the Context of Docume (2).pdf	283519	35e62adf3a2618be5412f51f6be29783888029a09bc78cee7113335780f3484f	not-copied-identical-bytes-already-in-repo	
Divine Judgment, Case Closure, and Mandated Restitution in the Context of Docume.pdf	283519	35e62adf3a2618be5412f51f6be29783888029a09bc78cee7113335780f3484f	not-copied-identical-bytes-already-in-repo	
DIVINE SURVIVAL & SECURITY FOCUS  (1).pdf	1048814	da30400689c7a54ca0ec320aecb7dd225b661345b97a3f85bf8d73d2092b505b	not-copied-identical-bytes-already-in-repo	
DIVINE SURVIVAL & SECURITY FOCUS .pdf	1048814	da30400689c7a54ca0ec320aecb7dd225b661345b97a3f85bf8d73d2092b505b	not-copied-identical-bytes-already-in-repo	
DOCTRINE OF COMPLICITY BY DELIBERATE OMISSION (1).pdf	2863633	1cbaf1a0afc4194fc10ac260f0e41fd15f01d2be8353c6f3b1cfa221d7254f19	not-copied-identical-bytes-already-in-repo	
DOCTRINE OF COMPLICITY BY DELIBERATE OMISSION.pdf	2863633	1cbaf1a0afc4194fc10ac260f0e41fd15f01d2be8353c6f3b1cfa221d7254f19	not-copied-identical-bytes-already-in-repo	
Document  (1).pdf	78448	effdef877dbceff6d57d38e1ff6eb8ea197acd8706bbe8671300fa5cefe64ea2	not-copied-duplicate-of-another-file-in-this-dropbox-folder	Document .pdf
Document .pdf	78448	effdef877dbceff6d57d38e1ff6eb8ea197acd8706bbe8671300fa5cefe64ea2	copied	Document .pdf
Does This Constitute State Terrorism — Forensic Legal Analysis  BD-TER-2026-00 (1).pdf	6904761	96faa84e2869a0bbe26d06e31c73bd42287cecc939a8df78b3daf2a3ac805086	not-copied-duplicate-of-another-file-in-this-dropbox-folder	Does This Constitute State Terrorism — Forensic Legal Analysis BD-TER-2026-00.pdf
Does This Constitute State Terrorism — Forensic Legal Analysis  BD-TER-2026-00.pdf	6904761	96faa84e2869a0bbe26d06e31c73bd42287cecc939a8df78b3daf2a3ac805086	copied	Does This Constitute State Terrorism — Forensic Legal Analysis BD-TER-2026-00.pdf
Downloads (1).pdf	411340	559c6cc9ff7c1b7491ba0d6d7481894569fd2a5d5404ac84828ef17cfb39f85a	not-copied-duplicate-of-another-file-in-this-dropbox-folder	Downloads.pdf
Downloads.pdf	411340	559c6cc9ff7c1b7491ba0d6d7481894569fd2a5d5404ac84828ef17cfb39f85a	copied	Downloads.pdf
EmailRichard William McleanWK2233173.pdf	17092	4e81c0839c3a912f9c991b54610014bde269a97f739e1d8bf3f83911f26bd8f2	not-copied-identical-bytes-already-in-repo	
Epistemic Justice and the Barran Dodger Archive- A Documentary, Forensic… 2.pdf	400550	0bbdfd53820f9e7b0e82833d0578c5238f0ecf30d1176d2791f07f9defd26946	copied	Epistemic Justice and the Barran Dodger Archive- A Documentary, Forensic… 2.pdf
Epistemic Justice and the Counter-Record - A Cross-Disciplinary Academic… (1).pdf	153942	6461ebcd042dce882589df07b30d5e7a644f0976bd8074213f9337ddd2a8e1fc	not-copied-duplicate-of-another-file-in-this-dropbox-folder	Epistemic Justice and the Counter-Record - A Cross-Disciplinary Academic….pdf
Epistemic Justice and the Counter-Record - A Cross-Disciplinary Academic….pdf	153942	6461ebcd042dce882589df07b30d5e7a644f0976bd8074213f9337ddd2a8e1fc	copied	Epistemic Justice and the Counter-Record - A Cross-Disciplinary Academic….pdf
Erasure as comedy (1).pdf	280915	984a7494eb32aba65da5423a835534260ea68413439e15920a598c5e80ecf213	not-copied-duplicate-of-another-file-in-this-dropbox-folder	Erasure as comedy.pdf
Erasure as comedy.pdf	280915	984a7494eb32aba65da5423a835534260ea68413439e15920a598c5e80ecf213	copied	Erasure as comedy.pdf
Essay (1).pdf	1033416	19cb43dec4644ec74d7a80407a6d605a8f8ddd326b675c22f137a701797b94a1	not-copied-identical-bytes-already-in-repo	
Essay 3 (1).pdf	357118	fcf7b434cf918918be9222034af038bf4795cfa94edd5b32ff5fc077eb3f65a0	not-copied-identical-bytes-already-in-repo	
Essay 3.pdf	357118	fcf7b434cf918918be9222034af038bf4795cfa94edd5b32ff5fc077eb3f65a0	not-copied-identical-bytes-already-in-repo	
Essay.pdf	1033416	19cb43dec4644ec74d7a80407a6d605a8f8ddd326b675c22f137a701797b94a1	not-copied-identical-bytes-already-in-repo	
Essays 3 (1).pdf	1052786	4d314de51af1f83314adcf9238fb37e985f61bbeb5a2995c5fb796ea78d873ab	not-copied-duplicate-of-another-file-in-this-dropbox-folder	Essays 3.pdf
Essays 3 (2).pdf	1052786	4d314de51af1f83314adcf9238fb37e985f61bbeb5a2995c5fb796ea78d873ab	not-copied-duplicate-of-another-file-in-this-dropbox-folder	Essays 3.pdf
Essays 3.pdf	1052786	4d314de51af1f83314adcf9238fb37e985f61bbeb5a2995c5fb796ea78d873ab	copied	Essays 3.pdf
eStatement (1).pdf	93438	80fa1c2b93a0d5b370e55c57062fd758836bea1805c3bb0ef8b2a5dd7c3988e1	not-copied-duplicate-of-another-file-in-this-dropbox-folder	eStatement.pdf
eStatement.pdf	93438	80fa1c2b93a0d5b370e55c57062fd758836bea1805c3bb0ef8b2a5dd7c3988e1	copied	eStatement.pdf
EVIDENCE - work cover original doctors report - my client with sexual trauma and my VOCAT case being thrown out of a geelong court - richard moore original workcoverclaimformpdfpdf copy 2 (1).pdf	4	55f6a88dc02579e8f6f191ee9ec91f66067b5d362434877cfbc325e4bf23aef1	not-copied-not-a-pdf	
EVIDENCE - work cover original doctors report - my client with sexual trauma and my VOCAT case being thrown out of a geelong court - richard moore original workcoverclaimformpdfpdf copy 2.pdf	4	55f6a88dc02579e8f6f191ee9ec91f66067b5d362434877cfbc325e4bf23aef1	not-copied-not-a-pdf	
evidence 19122007 I paid $2107 in TPD insurance and $1268 income protection which equals at least two units of cover as per the 2004 and 07 product disclosure staement health super statement  (1).pdf	4	55f6a88dc02579e8f6f191ee9ec91f66067b5d362434877cfbc325e4bf23aef1	not-copied-not-a-pdf	
evidence 19122007 I paid $2107 in TPD insurance and $1268 income protection which equals at least two units of cover as per the 2004 and 07 product disclosure staement health super statement .pdf	4	55f6a88dc02579e8f6f191ee9ec91f66067b5d362434877cfbc325e4bf23aef1	not-copied-not-a-pdf	
EVIDENCE 2.businessgovau my business was destoryed by micron 21 ebidence no reply Urgent assistance (1).pdf	369421	938bb8030da5213049e325b325b3a8700e64e66354d543ee0c88e75b569decd3	not-copied-identical-bytes-already-in-repo	
EVIDENCE 2.businessgovau my business was destoryed by micron 21 ebidence no reply Urgent assistance.pdf	369421	938bb8030da5213049e325b325b3a8700e64e66354d543ee0c88e75b569decd3	not-copied-identical-bytes-already-in-repo	
Evidence Archive - Blockchain-Verified Documentation  Barran Dodger Legal & Eth 2 (1).pdf	180020	7979eaf6e17d203a87dfdc1cdf8c661567c05ff7e2f38d04316352bebf53713d	not-copied-duplicate-of-another-file-in-this-dropbox-folder	Evidence Archive - Blockchain-Verified Documentation Barran Dodger Legal & Eth 2.pdf
Evidence Archive - Blockchain-Verified Documentation  Barran Dodger Legal & Eth 2.pdf	180020	7979eaf6e17d203a87dfdc1cdf8c661567c05ff7e2f38d04316352bebf53713d	copied	Evidence Archive - Blockchain-Verified Documentation Barran Dodger Legal & Eth 2.pdf
EVIDENCE ATO was super taxed approprioately EVIDENCE Australian Tax Office Our reply to your super enquiry SECOFFICIALSensitive (1).pdf	107437	b97eabdf6a24263519dd07693251ea6a2be9445308776111d9ee41b4f5d4bf5f	not-copied-identical-bytes-already-in-repo	
EVIDENCE ATO was super taxed approprioately EVIDENCE Australian Tax Office Our reply to your super enquiry SECOFFICIALSensitive.pdf	107437	b97eabdf6a24263519dd07693251ea6a2be9445308776111d9ee41b4f5d4bf5f	not-copied-identical-bytes-already-in-repo	
EVIDENCE discharge summary mercy hospital 14.05.2021 'adjustment disorder' (reaction to stress) NO PSYCHOSIS 2021-05-14 15-47-3 (1).pdf	1819104	0c45ef0d99c12afa583ca0435acad1575129429bbb567bb5534d364498c144e8	not-copied-identical-bytes-already-in-repo	
EVIDENCE discharge summary mercy hospital 14.05.2021 'adjustment disorder' (reaction to stress) NO PSYCHOSIS 2021-05-14 15-47-3.pdf	1819104	0c45ef0d99c12afa583ca0435acad1575129429bbb567bb5534d364498c144e8	not-copied-identical-bytes-already-in-repo	
EVIDENCE I have been banned from AFCA as a citizen of the country  copy (1).pdf	65202	fc29a35b4f84f65a59c441f5594a8bc8a9d61becdbdfb265b21d6b08bdcfdf92	not-copied-identical-bytes-already-in-repo	
EVIDENCE I have been banned from AFCA as a citizen of the country  copy.pdf	65202	fc29a35b4f84f65a59c441f5594a8bc8a9d61becdbdfb265b21d6b08bdcfdf92	not-copied-identical-bytes-already-in-repo	
EVIDENCE intervention order against steve iasonidis Magistrates Court Case No-L12151974-out 3 (1).pdf	4	55f6a88dc02579e8f6f191ee9ec91f66067b5d362434877cfbc325e4bf23aef1	not-copied-not-a-pdf	
EVIDENCE intervention order against steve iasonidis Magistrates Court Case No-L12151974-out 3.pdf	4	55f6a88dc02579e8f6f191ee9ec91f66067b5d362434877cfbc325e4bf23aef1	not-copied-not-a-pdf	
EVIDENCE NATIONAL DISABILITY INSURANCE AGENCY ENTERPRISE AGREEMENT 2016-2019 ae423421 (1).pdf	623280	e435f1e945716e9d98e21f6a5710dd5608c51915abc93fe95d1ac6cbb3502f73	not-copied-identical-bytes-already-in-repo	
EVIDENCE NATIONAL DISABILITY INSURANCE AGENCY ENTERPRISE AGREEMENT 2016-2019 ae423421.pdf	623280	e435f1e945716e9d98e21f6a5710dd5608c51915abc93fe95d1ac6cbb3502f73	not-copied-identical-bytes-already-in-repo	
Evidence of Mr Iasonidis super fund SGC Super 900 EVIDENCE company structure superannuation choice CXC Default Wholesale Super fund EVIDENCE Voluntary superannuation super salary sacraficeLIFE TPD and IPL insurance PL and PI  (1).pdf	4	55f6a88dc02579e8f6f191ee9ec91f66067b5d362434877cfbc325e4bf23aef1	not-copied-not-a-pdf	
Evidence of Mr Iasonidis super fund SGC Super 900 EVIDENCE company structure superannuation choice CXC Default Wholesale Super fund EVIDENCE Voluntary superannuation super salary sacraficeLIFE TPD and IPL insurance PL and PI .pdf	4	55f6a88dc02579e8f6f191ee9ec91f66067b5d362434877cfbc325e4bf23aef1	not-copied-not-a-pdf	
EVIDENCE ombuidsman and HCC and MHLC Weribee mercy PID TXT 2 1 (1).pdf	0	e3b0c44298fc1c149afbf4c8996fb92427ae41e4649b934ca495991b7852b855	not-copied-not-a-pdf	
EVIDENCE ombuidsman and HCC and MHLC Weribee mercy PID TXT 2 1.pdf	0	e3b0c44298fc1c149afbf4c8996fb92427ae41e4649b934ca495991b7852b855	not-copied-not-a-pdf	
EVIDENCE PID Ombudsman - rejected Fwd_ Acknowledgement of Receipt (1).pdf	401266	feedabff40cc27a31b9b861d260c9ac9c5a987ebdd56206a3f6e4a8d6a07682c	not-copied-identical-bytes-already-in-repo	
EVIDENCE PID Ombudsman - rejected Fwd_ Acknowledgement of Receipt.pdf	401266	feedabff40cc27a31b9b861d260c9ac9c5a987ebdd56206a3f6e4a8d6a07682c	not-copied-identical-bytes-already-in-repo	
Evidence Vault Index — 2,304 Blockchain-Sealed Exhibits · Barran Dodger (1).pdf	208634	d5e169f56a940ffe19e852438bf3306df59a6c32bc4aad9a1e4c102b98faf3ea	not-copied-identical-bytes-already-in-repo	
Evidence Vault Index — 2,304 Blockchain-Sealed Exhibits · Barran Dodger.pdf	208634	d5e169f56a940ffe19e852438bf3306df59a6c32bc4aad9a1e4c102b98faf3ea	not-copied-identical-bytes-already-in-repo	
EXECUTIVE  SUMMARY Title Psychological Operations, Intelligence Surveillance, an (1).pdf	392854	4683e8cc58547813d6c1be63247699cfff4e802a76d95a2bcb89388a1181767e	not-copied-identical-bytes-already-in-repo	
EXECUTIVE  SUMMARY Title Psychological Operations, Intelligence Surveillance, an.pdf	392854	4683e8cc58547813d6c1be63247699cfff4e802a76d95a2bcb89388a1181767e	not-copied-identical-bytes-already-in-repo	
Extraordinary significant (1).pdf	424401	5c0de49d5b8ab7794b93ba02c6191f66ca613118f51b6a85e263c7711a3fc3f1	not-copied-identical-bytes-already-in-repo	
Extraordinary significant.pdf	424401	5c0de49d5b8ab7794b93ba02c6191f66ca613118f51b6a85e263c7711a3fc3f1	not-copied-identical-bytes-already-in-repo	
Federal court  (1).pdf	147111	d3a81ae8e0a0b9507d111987a5df5733139e54dfd94009c05518bf2f767b0eb1	not-copied-duplicate-of-another-file-in-this-dropbox-folder	Federal court .pdf
Federal court .pdf	147111	d3a81ae8e0a0b9507d111987a5df5733139e54dfd94009c05518bf2f767b0eb1	copied	Federal court .pdf
FINAL EVIDENTIARY NOTICE, OBJECTION AND REQUEST FOR FORMAL INVESTIGATION 2 (1).pdf	57658	a46049a98e38a2a69c927b6c9679f85384e0642241aa201a1765d33d4fca5b08	not-copied-duplicate-of-another-file-in-this-dropbox-folder	FINAL EVIDENTIARY NOTICE, OBJECTION AND REQUEST FOR FORMAL INVESTIGATION 2.pdf
FINAL EVIDENTIARY NOTICE, OBJECTION AND REQUEST FOR FORMAL INVESTIGATION 2.pdf	57658	a46049a98e38a2a69c927b6c9679f85384e0642241aa201a1765d33d4fca5b08	copied	FINAL EVIDENTIARY NOTICE, OBJECTION AND REQUEST FOR FORMAL INVESTIGATION 2.pdf
FINAL FORENSIC AFFIDAVIT OF STATE-ENABLED PSYCHOLOGICAL OPERATIONS, ASSASSINATIO (1).pdf	332886	65c4b5ac9c422bdd0a8aecbcf2b1f48e62c4a9ba202123d7031e3a0ff44ff335	not-copied-duplicate-of-another-file-in-this-dropbox-folder	FINAL FORENSIC AFFIDAVIT OF STATE-ENABLED PSYCHOLOGICAL OPERATIONS, ASSASSINATIO.pdf
FINAL FORENSIC AFFIDAVIT OF STATE-ENABLED PSYCHOLOGICAL OPERATIONS, ASSASSINATIO.pdf	332886	65c4b5ac9c422bdd0a8aecbcf2b1f48e62c4a9ba202123d7031e3a0ff44ff335	copied	FINAL FORENSIC AFFIDAVIT OF STATE-ENABLED PSYCHOLOGICAL OPERATIONS, ASSASSINATIO.pdf
FINAL_SOVEREIGN_WHISTLEBLOWER_DOSSIER_WITH_AFFIDAVIT.pdf (1).pdf	3744085	3df4bf246e5cf29ff4b33833d3029fb73f12ce25130a8b1528fa77e7997ff40d	not-copied-duplicate-of-another-file-in-this-dropbox-folder	FINAL_SOVEREIGN_WHISTLEBLOWER_DOSSIER_WITH_AFFIDAVIT.pdf.pdf
FINAL_SOVEREIGN_WHISTLEBLOWER_DOSSIER_WITH_AFFIDAVIT.pdf.pdf	3744085	3df4bf246e5cf29ff4b33833d3029fb73f12ce25130a8b1528fa77e7997ff40d	copied	FINAL_SOVEREIGN_WHISTLEBLOWER_DOSSIER_WITH_AFFIDAVIT.pdf.pdf
Forensic report based on governments own documents over 35 years….pdf	155877	d47a21db08557e0a8b671198a8072e2e37cb0662528b04a28c6ff280d538de02	copied	Forensic report based on governments own documents over 35 years….pdf
FORENSIC STATEMENT ON ESCALATING ABUSE, ISOLATION, AND V2K HARASSMENT.pdf	240400	b715f6b77bf4e35f72c84e76c4488137f47c311690b817f9dc08c9b33de435cd	copied	FORENSIC STATEMENT ON ESCALATING ABUSE, ISOLATION, AND V2K HARASSMENT.pdf
FORENSIC%20STATEMENT%20ON%20ESCALATING%20ABUSE,%20ISOLATION,%20AND%20V2K%20HARAS (1).pdf	237732	387791864f2f18032b915e9c33788517dc511c1bfea0d995de92b77ebe2864ef	not-copied-duplicate-of-another-file-in-this-dropbox-folder	FORENSIC%20STATEMENT%20ON%20ESCALATING%20ABUSE,%20ISOLATION,%20AND%20V2K%20HARAS.pdf
FORENSIC%20STATEMENT%20ON%20ESCALATING%20ABUSE,%20ISOLATION,%20AND%20V2K%20HARAS.pdf	237732	387791864f2f18032b915e9c33788517dc511c1bfea0d995de92b77ebe2864ef	copied	FORENSIC%20STATEMENT%20ON%20ESCALATING%20ABUSE,%20ISOLATION,%20AND%20V2K%20HARAS.pdf
Forensic_AI_Archive_Value_Assessment (1).pdf	31056	a45b9728adea93d8ba8ec587faa07a576f53d577687af0d7998403eddc251479	not-copied-identical-bytes-already-in-repo	
Forensic_AI_Archive_Value_Assessment.pdf	31056	a45b9728adea93d8ba8ec587faa07a576f53d577687af0d7998403eddc251479	not-copied-identical-bytes-already-in-repo	
FORENSIC–LEGAL ACADEMIC ABSTRACT by Barran Dodger (1).pdf	1266848	b760069e774c16c2865648aac5af534944fbe808a614b0a26e3e78dc06bb7187	not-copied-duplicate-of-another-file-in-this-dropbox-folder	FORENSIC–LEGAL ACADEMIC ABSTRACT by Barran Dodger.pdf
FORENSIC–LEGAL ACADEMIC ABSTRACT by Barran Dodger.pdf	1266848	b760069e774c16c2865648aac5af534944fbe808a614b0a26e3e78dc06bb7187	copied	FORENSIC–LEGAL ACADEMIC ABSTRACT by Barran Dodger.pdf
Formal Criminal Affidavit Against Sukhi Tear, Syed Salman Kazmi, and Philip Glas (1).pdf	7637406	096d8a0137dacee9f3e6b18e114e243fdaa2ba3ee14d2ca4bac439da7fccf188	not-copied-duplicate-of-another-file-in-this-dropbox-folder	Formal Criminal Affidavit Against Sukhi Tear, Syed Salman Kazmi, and Philip Glas.pdf
Formal Criminal Affidavit Against Sukhi Tear, Syed Salman Kazmi, and Philip Glas.pdf	7637406	096d8a0137dacee9f3e6b18e114e243fdaa2ba3ee14d2ca4bac439da7fccf188	copied	Formal Criminal Affidavit Against Sukhi Tear, Syed Salman Kazmi, and Philip Glas.pdf
FORMAL NOTICE OF NON-CONSENT Address- 55 b Archbold Road Long Jetty… (1).pdf	828223	00a64c2630aaeb2a4d5fe5b40b8da907f2fe53d6dbfa81baa2f3ed107a79eac3	not-copied-duplicate-of-another-file-in-this-dropbox-folder	FORMAL NOTICE OF NON-CONSENT Address- 55 b Archbold Road Long Jetty….pdf
FORMAL NOTICE OF NON-CONSENT Address- 55 b Archbold Road Long Jetty….pdf	828223	00a64c2630aaeb2a4d5fe5b40b8da907f2fe53d6dbfa81baa2f3ed107a79eac3	copied	FORMAL NOTICE OF NON-CONSENT Address- 55 b Archbold Road Long Jetty….pdf
Formal Open Challenge — Prove This Analysis Wrong  Barran Dodger  Barran Dodge (1).pdf	5046694	4e3ebabda544704adbef1c662b5d089c8435659ab418bf75a1e4e157bfa0629a	not-copied-duplicate-of-another-file-in-this-dropbox-folder	Formal Open Challenge — Prove This Analysis Wrong Barran Dodger Barran Dodge.pdf
Formal Open Challenge — Prove This Analysis Wrong  Barran Dodger  Barran Dodge.pdf	5046694	4e3ebabda544704adbef1c662b5d089c8435659ab418bf75a1e4e157bfa0629a	copied	Formal Open Challenge — Prove This Analysis Wrong Barran Dodger Barran Dodge.pdf
FORMAL STATEMENT & AFFIDAVIT - I got high and had sex, did you film it …sue me. (1).pdf	147255	fdfa3b3cf7a4c6d6f5475b66634afa913a5fe6552dad6584cca2611f31eceeea	not-copied-duplicate-of-another-file-in-this-dropbox-folder	FORMAL STATEMENT & AFFIDAVIT - I got high and had sex, did you film it …sue me..pdf
FORMAL STATEMENT & AFFIDAVIT - I got high and had sex, did you film it …sue me..pdf	147255	fdfa3b3cf7a4c6d6f5475b66634afa913a5fe6552dad6584cca2611f31eceeea	copied	FORMAL STATEMENT & AFFIDAVIT - I got high and had sex, did you film it …sue me..pdf
Formal Statement, Legal Objection and Safeguarding Notice to Cass… 3 (1).pdf	4019584	d0330a2fc05cf802ca4fe45c1ebfecff7f5e9507c9edc7101936e63125979148	not-copied-duplicate-of-another-file-in-this-dropbox-folder	Formal Statement, Legal Objection and Safeguarding Notice to Cass… 3.pdf
Formal Statement, Legal Objection and Safeguarding Notice to Cass… 3.pdf	4019584	d0330a2fc05cf802ca4fe45c1ebfecff7f5e9507c9edc7101936e63125979148	copied	Formal Statement, Legal Objection and Safeguarding Notice to Cass… 3.pdf
FORMAL STATEMENT, LEGAL OBJECTION, SAFEGUARDING NOTICE AND REQUEST… (1).pdf	185650	bfee0e17b51d2f9681ced798d8ca98aa21a399ced63511741d894ac4ed70f471	not-copied-duplicate-of-another-file-in-this-dropbox-folder	FORMAL STATEMENT, LEGAL OBJECTION, SAFEGUARDING NOTICE AND REQUEST….pdf
FORMAL STATEMENT, LEGAL OBJECTION, SAFEGUARDING NOTICE AND REQUEST… 3 (1).pdf	125056	4faf43f6cdf407f4fcfb6275cb5ae5c1e2351d1667851578f9d68532c6626471	not-copied-duplicate-of-another-file-in-this-dropbox-folder	FORMAL STATEMENT, LEGAL OBJECTION, SAFEGUARDING NOTICE AND REQUEST… 3.pdf
FORMAL STATEMENT, LEGAL OBJECTION, SAFEGUARDING NOTICE AND REQUEST… 3.pdf	125056	4faf43f6cdf407f4fcfb6275cb5ae5c1e2351d1667851578f9d68532c6626471	copied	FORMAL STATEMENT, LEGAL OBJECTION, SAFEGUARDING NOTICE AND REQUEST… 3.pdf
FORMAL STATEMENT, LEGAL OBJECTION, SAFEGUARDING NOTICE AND REQUEST… 6 (1).pdf	158216	a30dc22f0360d50faba9f0a9c6685b680b091fd2d697d6c3b09556bbaec8af9b	not-copied-duplicate-of-another-file-in-this-dropbox-folder	FORMAL STATEMENT, LEGAL OBJECTION, SAFEGUARDING NOTICE AND REQUEST… 6.pdf
FORMAL STATEMENT, LEGAL OBJECTION, SAFEGUARDING NOTICE AND REQUEST… 6.pdf	158216	a30dc22f0360d50faba9f0a9c6685b680b091fd2d697d6c3b09556bbaec8af9b	copied	FORMAL STATEMENT, LEGAL OBJECTION, SAFEGUARDING NOTICE AND REQUEST… 6.pdf
FORMAL STATEMENT, LEGAL OBJECTION, SAFEGUARDING NOTICE AND REQUEST….pdf	185650	bfee0e17b51d2f9681ced798d8ca98aa21a399ced63511741d894ac4ed70f471	copied	FORMAL STATEMENT, LEGAL OBJECTION, SAFEGUARDING NOTICE AND REQUEST….pdf
From Allegation to Documentary Record - A Forensic AI-Assisted Analysis of 453 Australian Government Records and Their Implications for Institutional Accountability 2 (1).pdf	79538	8bcdc2937869febc054822565dfa98190b099e302ea4f03fc167b1e2f577e50f	not-copied-duplicate-of-another-file-in-this-dropbox-folder	From Allegation to Documentary Record - A Forensic AI-Assisted Analysis of 453 Australian Government Records and Their Implications for Institutional Accountability 2.pdf
From Allegation to Documentary Record - A Forensic AI-Assisted Analysis of 453 Australian Government Records and Their Implications for Institutional Accountability 2.pdf	79538	8bcdc2937869febc054822565dfa98190b099e302ea4f03fc167b1e2f577e50f	copied	From Allegation to Documentary Record - A Forensic AI-Assisted Analysis of 453 Australian Government Records and Their Implications for Institutional Accountability 2.pdf
From Testimony to Documentary Record-  A Comprehensive Evidentiary, Legal and Academic Assessment of the 453-Record Corpus   (1).pdf	144654	bc1028be8a19e2328c84c0552dbe83e419c9521e56a69ce55a74cb9be996180e	not-copied-duplicate-of-another-file-in-this-dropbox-folder	From Testimony to Documentary Record- A Comprehensive Evidentiary, Legal and Academic Assessment of the 453-Record Corpus .pdf
From Testimony to Documentary Record-  A Comprehensive Evidentiary, Legal and Academic Assessment of the 453-Record Corpus  .pdf	144654	bc1028be8a19e2328c84c0552dbe83e419c9521e56a69ce55a74cb9be996180e	copied	From Testimony to Documentary Record- A Comprehensive Evidentiary, Legal and Academic Assessment of the 453-Record Corpus .pdf
From%20Allegation%20to%20Documentary%20Record%20-%20A%20Forensic%20AI-Assisted%2 (1).pdf	79679	3520b93d4127f4f99ff5c7c6773b91d80f6e7cc90935245e0005d5b09165818f	not-copied-duplicate-of-another-file-in-this-dropbox-folder	From%20Allegation%20to%20Documentary%20Record%20-%20A%20Forensic%20AI-Assisted%2.pdf
From%20Allegation%20to%20Documentary%20Record%20-%20A%20Forensic%20AI-Assisted%2.pdf	79679	3520b93d4127f4f99ff5c7c6773b91d80f6e7cc90935245e0005d5b09165818f	copied	From%20Allegation%20to%20Documentary%20Record%20-%20A%20Forensic%20AI-Assisted%2.pdf
FROM-EXILE-TO-WITNESS-4-OCTOBER-2026 2 (1).pdf	119403	5253f173708e3db6a0fe7c56f0fff6739f8fac8ca1e16a7a8ac31e68664d1284	not-copied-duplicate-of-another-file-in-this-dropbox-folder	FROM-EXILE-TO-WITNESS-4-OCTOBER-2026 2.pdf
FROM-EXILE-TO-WITNESS-4-OCTOBER-2026 2.pdf	119403	5253f173708e3db6a0fe7c56f0fff6739f8fac8ca1e16a7a8ac31e68664d1284	copied	FROM-EXILE-TO-WITNESS-4-OCTOBER-2026 2.pdf
FUNCTIONAL ERASURE (1).pdf	156750	9342be852b03e8771de79289acd9ff67f043d253987debd7cdebd7e3d4f3f8c8	not-copied-identical-bytes-already-in-repo	
Functional Erasure - A Documentary and Forensic Analysis of the Institutional Invisibility of a Living Person (1).pdf	112808	35bcad12defa8a11ea34df662da53601e05397817953a66fb58c2f4b1a3a1f12	not-copied-identical-bytes-already-in-repo	
Functional Erasure - A Documentary and Forensic Analysis of the Institutional Invisibility of a Living Person.pdf	112808	35bcad12defa8a11ea34df662da53601e05397817953a66fb58c2f4b1a3a1f12	not-copied-identical-bytes-already-in-repo	
FUNCTIONAL ERASURE.pdf	156750	9342be852b03e8771de79289acd9ff67f043d253987debd7cdebd7e3d4f3f8c8	not-copied-identical-bytes-already-in-repo	
Fwd- Response from the Commander, Sex Crimes Squad, NSW Police Force [SEC=OFFICI 2 (1).pdf	66111	66e952df4feadadbc5a40538b83388505c5a99d5d7292966d60cbbc85bd2d170	not-copied-duplicate-of-another-file-in-this-dropbox-folder	Fwd- Response from the Commander, Sex Crimes Squad, NSW Police Force [SEC=OFFICI 2.pdf
Fwd- Response from the Commander, Sex Crimes Squad, NSW Police Force [SEC=OFFICI 2.pdf	66111	66e952df4feadadbc5a40538b83388505c5a99d5d7292966d60cbbc85bd2d170	copied	Fwd- Response from the Commander, Sex Crimes Squad, NSW Police Force [SEC=OFFICI 2.pdf
Gear set up (1).pdf	249927	1ee52017871fbfea40ba9e305502e77f4a27f5d67889dd1c8e0b1906dfe0b4c5	not-copied-duplicate-of-another-file-in-this-dropbox-folder	Gear set up.pdf
Gear set up.pdf	249927	1ee52017871fbfea40ba9e305502e77f4a27f5d67889dd1c8e0b1906dfe0b4c5	copied	Gear set up.pdf
Given that now prove or disprove significance of this corroborating… (1).pdf	92020	1049f1e5aefd5fafdb0728dedc765e08937bfb50c8ab081e28599814bcdcd00e	not-copied-duplicate-of-another-file-in-this-dropbox-folder	Given that now prove or disprove significance of this corroborating….pdf
Given that now prove or disprove significance of this corroborating….pdf	92020	1049f1e5aefd5fafdb0728dedc765e08937bfb50c8ab081e28599814bcdcd00e	copied	Given that now prove or disprove significance of this corroborating….pdf
Glory to God (1).pdf	1171145	61139da7925070733281dfd2f41ee8bda8e436481ea2212b6e787057ed5cc591	not-copied-duplicate-of-another-file-in-this-dropbox-folder	Glory to God.pdf
Glory to God.pdf	1171145	61139da7925070733281dfd2f41ee8bda8e436481ea2212b6e787057ed5cc591	copied	Glory to God.pdf
Gmail (1).pdf	125957	d8448f519ae34e4e4bb82283732ff2ae14b8152a216b64765ab0113e5f70e4c7	not-copied-duplicate-of-another-file-in-this-dropbox-folder	Gmail.pdf
Gmail.pdf	125957	d8448f519ae34e4e4bb82283732ff2ae14b8152a216b64765ab0113e5f70e4c7	copied	Gmail.pdf
God exists by Barran Dodger and he can save you too 2 (1).pdf	103608	8428ab129fe18e9eb9d214714a8bd11287378fb4651c4a78b6b11705e09a5607	not-copied-duplicate-of-another-file-in-this-dropbox-folder	God exists by Barran Dodger and he can save you too 2.pdf
God exists by Barran Dodger and he can save you too 2.pdf	103608	8428ab129fe18e9eb9d214714a8bd11287378fb4651c4a78b6b11705e09a5607	copied	God exists by Barran Dodger and he can save you too 2.pdf
God exists by Barran Dodger and he can save you too 5 (1).pdf	103612	d71cf22bc67849088eb1211e65ed69dfc8242211855d11786091cacb0f587238	not-copied-duplicate-of-another-file-in-this-dropbox-folder	God exists by Barran Dodger and he can save you too 5.pdf
God exists by Barran Dodger and he can save you too 5.pdf	103612	d71cf22bc67849088eb1211e65ed69dfc8242211855d11786091cacb0f587238	copied	God exists by Barran Dodger and he can save you too 5.pdf
God is great  (1).pdf	1731002	663aae250560536647e02a3d55559693808093295829f35b99f83fa3f6ce8057	not-copied-duplicate-of-another-file-in-this-dropbox-folder	God is great .pdf
God is great .pdf	1731002	663aae250560536647e02a3d55559693808093295829f35b99f83fa3f6ce8057	copied	God is great .pdf
God Says- I'm Not Finished With You — Dr. Richard William McLean (Barran Dodger) (1).pdf	2187815	77d801604e28928106b3d03662de77d62c1371adf4ee4defcb0ad43c849e95b2	not-copied-duplicate-of-another-file-in-this-dropbox-folder	God Says- I'm Not Finished With You — Dr. Richard William McLean (Barran Dodger).pdf
God Says- I'm Not Finished With You — Dr. Richard William McLean (Barran Dodger).pdf	2187815	77d801604e28928106b3d03662de77d62c1371adf4ee4defcb0ad43c849e95b2	copied	God Says- I'm Not Finished With You — Dr. Richard William McLean (Barran Dodger).pdf
Government mental health report .pdf	5269899	70a56783ea96ab9c18d94c7781057dc7a29621ee085044cbf50617495b9372c9	not-copied-identical-bytes-already-in-repo	
Harrassmenttechniques OHCHR .pdf	228849	4c2a0defb8f16e5d39df0d7adcd002840b520223752980017b870e94f4c00eb7	copied	Harrassmenttechniques OHCHR .pdf
he Paper Trail Cannot Be Unmade- Why Barran Dodger’s Justice Is Inevitable (1).pdf	38059	6da8d323dd5a35992fbfa1a4d9861b29d20255c9790c67a3629f718c90638070	not-copied-identical-bytes-already-in-repo	
he Paper Trail Cannot Be Unmade- Why Barran Dodger’s Justice Is Inevitable.pdf	38059	6da8d323dd5a35992fbfa1a4d9861b29d20255c9790c67a3629f718c90638070	not-copied-identical-bytes-already-in-repo	
HE TRUTH HAS SURVIVED (1).pdf	186606	6e47a01f49c1efb8c5f22d5e69f429c95969c76e19ca5cc281b2dc10a4188b28	not-copied-identical-bytes-already-in-repo	
HE TRUTH HAS SURVIVED.pdf	186606	6e47a01f49c1efb8c5f22d5e69f429c95969c76e19ca5cc281b2dc10a4188b28	not-copied-identical-bytes-already-in-repo	
Heaven's Awe-Dr. Richard McLean's Divine Recognition After 35+ Years of Sacred E 2 (1).pdf	1349643	b9242bfc788141657f8a9d4e8babad2100e5e64f57212a6b768d5ffe3d2ddc8c	not-copied-duplicate-of-another-file-in-this-dropbox-folder	Heaven's Awe-Dr. Richard McLean's Divine Recognition After 35+ Years of Sacred E 2.pdf
Heaven's Awe-Dr. Richard McLean's Divine Recognition After 35+ Years of Sacred E 2.pdf	1349643	b9242bfc788141657f8a9d4e8babad2100e5e64f57212a6b768d5ffe3d2ddc8c	copied	Heaven's Awe-Dr. Richard McLean's Divine Recognition After 35+ Years of Sacred E 2.pdf
Helpful for Alex Martinez (1).pdf	245449	a19ccbb3c2cebb0c0d0b277e68691cf194814ae8e565f165d0c7fec90410a6e4	not-copied-identical-bytes-already-in-repo	
Helpful for Alex Martinez.pdf	245449	a19ccbb3c2cebb0c0d0b277e68691cf194814ae8e565f165d0c7fec90410a6e4	not-copied-identical-bytes-already-in-repo	
HI ACA letter to supbeaona foi from ndis and hcf and police and oaic  (1).pdf	2164683	0b7f21c17b75d3175b929fc25df846126d083f34fbac16753d7683760d8eb5d0	not-copied-duplicate-of-another-file-in-this-dropbox-folder	HI ACA letter to supbeaona foi from ndis and hcf and police and oaic .pdf
HI ACA letter to supbeaona foi from ndis and hcf and police and oaic .pdf	2164683	0b7f21c17b75d3175b929fc25df846126d083f34fbac16753d7683760d8eb5d0	copied	HI ACA letter to supbeaona foi from ndis and hcf and police and oaic .pdf
Historical details for ABN 31 650 183 681  ABN Lookup (1).pdf	58078	aff2fdcdff63fd98cc97304a1e68e9a25242ca6b52a6c8e2aa275c3397fabbbb	not-copied-duplicate-of-another-file-in-this-dropbox-folder	Historical details for ABN 31 650 183 681 ABN Lookup.pdf
Historical details for ABN 31 650 183 681  ABN Lookup.pdf	58078	aff2fdcdff63fd98cc97304a1e68e9a25242ca6b52a6c8e2aa275c3397fabbbb	copied	Historical details for ABN 31 650 183 681 ABN Lookup.pdf
Historical MKULTRA Evidence, the Barran Dodger Archive, and the Preserved… (1).pdf	68700	55af37d6e350066af0357a35160621e3d1568414d7e48aed90d50f045244d244	not-copied-duplicate-of-another-file-in-this-dropbox-folder	Historical MKULTRA Evidence, the Barran Dodger Archive, and the Preserved….pdf
Historical MKULTRA Evidence, the Barran Dodger Archive, and the Preserved… 2 (1).pdf	68961	3f2cf43488c06e7222cfca219fe79eb691c49c5905f59985cf7a6cc6fd2be68f	not-copied-duplicate-of-another-file-in-this-dropbox-folder	Historical MKULTRA Evidence, the Barran Dodger Archive, and the Preserved… 2.pdf
Historical MKULTRA Evidence, the Barran Dodger Archive, and the Preserved… 2.pdf	68961	3f2cf43488c06e7222cfca219fe79eb691c49c5905f59985cf7a6cc6fd2be68f	copied	Historical MKULTRA Evidence, the Barran Dodger Archive, and the Preserved… 2.pdf
Historical MKULTRA Evidence, the Barran Dodger Archive, and the Preserved….pdf	68700	55af37d6e350066af0357a35160621e3d1568414d7e48aed90d50f045244d244	copied	Historical MKULTRA Evidence, the Barran Dodger Archive, and the Preserved….pdf
Holy Reckoning — When You Conspired to Erase and Murder Me, You Picked a Fight w (1).pdf	280121	d629c93ef7f927b1ae82ccf387aa88713a13eea9c36b93dc12f07a280dd51eb6	not-copied-duplicate-of-another-file-in-this-dropbox-folder	Holy Reckoning — When You Conspired to Erase and Murder Me, You Picked a Fight w.pdf
Holy Reckoning — When You Conspired to Erase and Murder Me, You Picked a Fight w.pdf	280121	d629c93ef7f927b1ae82ccf387aa88713a13eea9c36b93dc12f07a280dd51eb6	copied	Holy Reckoning — When You Conspired to Erase and Murder Me, You Picked a Fight w.pdf
How can there be 21 matches of my website www.barrandodger.com.au on asic website (1).pdf	48767	791f363c8914206a59e1336e400b9b01f05ad159e3da270c1716c19ca99998d2	not-copied-identical-bytes-already-in-repo	
How can there be 21 matches of my website www.barrandodger.com.au on asic website.pdf	48767	791f363c8914206a59e1336e400b9b01f05ad159e3da270c1716c19ca99998d2	not-copied-identical-bytes-already-in-repo	
HTML (1).pdf	170837	7eaef209daa1342a555d5f33e37c307b9a16a9d5595419b75ab737797c12fe23	not-copied-duplicate-of-another-file-in-this-dropbox-folder	HTML.pdf
HTML.pdf	170837	7eaef209daa1342a555d5f33e37c307b9a16a9d5595419b75ab737797c12fe23	copied	HTML.pdf
https-youtu.beJ8KO7pTwnuYsi=p5e7U3uZP5X11-QW (1).pdf	1240256	7a2b537bc95ffb9e78ba53f1b53c4eba0bc3f8fcfb35c9d0d64558e813f35601	not-copied-duplicate-of-another-file-in-this-dropbox-folder	https-youtu.beJ8KO7pTwnuYsi=p5e7U3uZP5X11-QW.pdf
https-youtu.beJ8KO7pTwnuYsi=p5e7U3uZP5X11-QW.pdf	1240256	7a2b537bc95ffb9e78ba53f1b53c4eba0bc3f8fcfb35c9d0d64558e813f35601	copied	https-youtu.beJ8KO7pTwnuYsi=p5e7U3uZP5X11-QW.pdf
Human sacrifice confirmed (1).pdf	1023645	611b42b676e4d4eff59a21ba4843ee804b9cbdc0d450bd79d82e9ee991efb105	not-copied-identical-bytes-already-in-repo	
Human sacrifice confirmed.pdf	1023645	611b42b676e4d4eff59a21ba4843ee804b9cbdc0d450bd79d82e9ee991efb105	not-copied-identical-bytes-already-in-repo	
I accept  (1).pdf	1116078	496779064624005bfc57ecd9a177385f79dc8c98a2ccaa9da01ce72a0f478a2a	not-copied-identical-bytes-already-in-repo	
I accept .pdf	1116078	496779064624005bfc57ecd9a177385f79dc8c98a2ccaa9da01ce72a0f478a2a	not-copied-identical-bytes-already-in-repo	
I Am Not My Mistakes- The Vindication and Protection of Dr. Richard William McLe 2 (1).pdf	1143196	2cceafdb4b272c7618e14fa28b13e325a9ca625eb54ea07ac522dea09b065cc5	not-copied-identical-bytes-already-in-repo	
I Am Not My Mistakes- The Vindication and Protection of Dr. Richard William McLe 2.pdf	1143196	2cceafdb4b272c7618e14fa28b13e325a9ca625eb54ea07ac522dea09b065cc5	not-copied-identical-bytes-already-in-repo	
I Am the Irrefutable Force (1).pdf	174645	af3989f23657867dd24ff4bded6e78385225c57c1eae1c280d00760c9ffb2ec7	not-copied-duplicate-of-another-file-in-this-dropbox-folder	I Am the Irrefutable Force.pdf
I Am the Irrefutable Force.pdf	174645	af3989f23657867dd24ff4bded6e78385225c57c1eae1c280d00760c9ffb2ec7	copied	I Am the Irrefutable Force.pdf
I can’t do this anymore voices say give up rapist pedo faggot genocide attempted (1).pdf	162018	d7a7893e74e1a9c0693b0b7c72712d0fa5f29f34779de9c89ef69b7f9f2b1325	not-copied-identical-bytes-already-in-repo	
I can’t do this anymore voices say give up rapist pedo faggot genocide attempted.pdf	162018	d7a7893e74e1a9c0693b0b7c72712d0fa5f29f34779de9c89ef69b7f9f2b1325	not-copied-identical-bytes-already-in-repo	
I emailed parliamentarians (1).pdf	216830	2f125f0e2ad1bead0eba383037c2ef7502c0c9d032f9e56dcf5d270257caead5	not-copied-identical-bytes-already-in-repo	
I emailed parliamentarians.pdf	216830	2f125f0e2ad1bead0eba383037c2ef7502c0c9d032f9e56dcf5d270257caead5	not-copied-identical-bytes-already-in-repo	
I have something to save everyone from Barran residence Dodger (1).pdf	2929168	b812b9b40a8e2a9e7cd308d9e743a56a768eaf499ef04e37abe98e7977a2946e	not-copied-duplicate-of-another-file-in-this-dropbox-folder	I have something to save everyone from Barran residence Dodger.pdf
I have something to save everyone from Barran residence Dodger.pdf	2929168	b812b9b40a8e2a9e7cd308d9e743a56a768eaf499ef04e37abe98e7977a2946e	copied	I have something to save everyone from Barran residence Dodger.pdf
I love you all - Barran Dodger (1).pdf	9425881	7b0e663db5716c34dc84e3a46da193dff99e7ee1922b7b293824006ec1386e6b	not-copied-duplicate-of-another-file-in-this-dropbox-folder	I love you all - Barran Dodger.pdf
I love you all - Barran Dodger.pdf	9425881	7b0e663db5716c34dc84e3a46da193dff99e7ee1922b7b293824006ec1386e6b	copied	I love you all - Barran Dodger.pdf
I survived the targeting but they won’t survive the truth about the… (1).pdf	133270	51b1614af293c501f3b2c764c8afef74c207b393538ea7ca094b74b9cd70af44	not-copied-duplicate-of-another-file-in-this-dropbox-folder	I survived the targeting but they won’t survive the truth about the….pdf
I survived the targeting but they won’t survive the truth about the….pdf	133270	51b1614af293c501f3b2c764c8afef74c207b393538ea7ca094b74b9cd70af44	copied	I survived the targeting but they won’t survive the truth about the….pdf
I TRIED TO KILL BARRAN DODGER — AND THAT MAKES ME A HERO”   A dark satirical con (1).pdf	240689	1f73fe85438301430f9bffdf42ad62ce171c77cc72053b956ee46d3726f47cc5	not-copied-identical-bytes-already-in-repo	
I TRIED TO KILL BARRAN DODGER — AND THAT MAKES ME A HERO”   A dark satirical con.pdf	240689	1f73fe85438301430f9bffdf42ad62ce171c77cc72053b956ee46d3726f47cc5	not-copied-identical-bytes-already-in-repo	
I'll craft this as a powerful personal declaration that weaves the… (1).pdf	70256	71ceed364dc13e6913502e6a64c9431d648377653ac47e80c577d7dbca68498e	not-copied-identical-bytes-already-in-repo	
I'll craft this as a powerful personal declaration that weaves the….pdf	70256	71ceed364dc13e6913502e6a64c9431d648377653ac47e80c577d7dbca68498e	not-copied-identical-bytes-already-in-repo	
I've received your complaint reference CF-14993212C (1).pdf	129293	45731d7e5f4000f319ad0f022e7fec1893c9c4a5a80b1d6318ae2a28b0e9642d	not-copied-identical-bytes-already-in-repo	
I've received your complaint reference CF-14993212C.pdf	129293	45731d7e5f4000f319ad0f022e7fec1893c9c4a5a80b1d6318ae2a28b0e9642d	not-copied-identical-bytes-already-in-repo	
Iasonidis Steve 100806 2 (1).pdf	4	55f6a88dc02579e8f6f191ee9ec91f66067b5d362434877cfbc325e4bf23aef1	not-copied-not-a-pdf	
Iasonidis Steve 100806 2.pdf	4	55f6a88dc02579e8f6f191ee9ec91f66067b5d362434877cfbc325e4bf23aef1	not-copied-not-a-pdf	
If gods hand is on my life a humane plan for the future  (1).pdf	1758036	3264a338313f8518543e3a3183e4dbe75c892630a85a484cc8ff6dcace2bcba0	not-copied-duplicate-of-another-file-in-this-dropbox-folder	If gods hand is on my life a humane plan for the future .pdf
If gods hand is on my life a humane plan for the future .pdf	1758036	3264a338313f8518543e3a3183e4dbe75c892630a85a484cc8ff6dcace2bcba0	copied	If gods hand is on my life a humane plan for the future .pdf
Immortal_Testimony_McLean_2025.pdf (1).pdf	1043143	1d9e075bbe961987275c59d091009dec8bf19066d5b5b812283d8edfa26b9b36	not-copied-duplicate-of-another-file-in-this-dropbox-folder	Immortal_Testimony_McLean_2025.pdf.pdf
Immortal_Testimony_McLean_2025.pdf.pdf	1043143	1d9e075bbe961987275c59d091009dec8bf19066d5b5b812283d8edfa26b9b36	copied	Immortal_Testimony_McLean_2025.pdf.pdf
IMPARTIAL AI ABSTRACT OF THE FILE to YOUTUBE Channel (1).pdf	182480	da5240dd1a60065f034cee0015723f43f8fa9974340631db4dc79c8476952903	not-copied-identical-bytes-already-in-repo	
IMPARTIAL AI ABSTRACT OF THE FILE to YOUTUBE Channel.pdf	182480	da5240dd1a60065f034cee0015723f43f8fa9974340631db4dc79c8476952903	not-copied-identical-bytes-already-in-repo	
Impartial AI Generated Report on Standing Indictment of the Administrative State (1).pdf	5535014	93dc835b93c1412ea776935c973d438e1106bb1977669299dd466ded75073cd3	not-copied-duplicate-of-another-file-in-this-dropbox-folder	Impartial AI Generated Report on Standing Indictment of the Administrative State.pdf
Impartial AI Generated Report on Standing Indictment of the Administrative State. Gross Criminal Negligence and Human Rights Violations. By Barran Dodger.   2 (1).pdf	256194	e15c482b5ea3b041b7b070fbf71496fa1166f41c2c88639bb3e5065d157587b0	not-copied-duplicate-of-another-file-in-this-dropbox-folder	Impartial AI Generated Report on Standing Indictment of the Administrative State. Gross Criminal Negligence and Human Rights Violations. By Barran Dodger. 2.pdf
Impartial AI Generated Report on Standing Indictment of the Administrative State. Gross Criminal Negligence and Human Rights Violations. By Barran Dodger.   2.pdf	256194	e15c482b5ea3b041b7b070fbf71496fa1166f41c2c88639bb3e5065d157587b0	copied	Impartial AI Generated Report on Standing Indictment of the Administrative State. Gross Criminal Negligence and Human Rights Violations. By Barran Dodger. 2.pdf
Impartial AI Generated Report on Standing Indictment of the Administrative State. Gross Criminal Negligence and Human Rights Violations. By Barran Dodger. 3 (1).pdf	309407	cfdccc4336ec9df4ef02c77b9ebe695f38a205a0ede5387ede8c81e4f824c08e	not-copied-duplicate-of-another-file-in-this-dropbox-folder	Impartial AI Generated Report on Standing Indictment of the Administrative State. Gross Criminal Negligence and Human Rights Violations. By Barran Dodger. 3.pdf
Impartial AI Generated Report on Standing Indictment of the Administrative State. Gross Criminal Negligence and Human Rights Violations. By Barran Dodger. 3.pdf	309407	cfdccc4336ec9df4ef02c77b9ebe695f38a205a0ede5387ede8c81e4f824c08e	copied	Impartial AI Generated Report on Standing Indictment of the Administrative State. Gross Criminal Negligence and Human Rights Violations. By Barran Dodger. 3.pdf
Impartial AI Generated Report on Standing Indictment of the Administrative State.pdf	5535014	93dc835b93c1412ea776935c973d438e1106bb1977669299dd466ded75073cd3	copied	Impartial AI Generated Report on Standing Indictment of the Administrative State.pdf
IMPARTIAL AI · STATEMENT OF SIGNIFICANCE of https-wezzo72.github.io… (1).pdf	1690576	2bdb5491c2208e2addfe598ab2936d376622b35eeea95a363de4d20b939ab516	not-copied-duplicate-of-another-file-in-this-dropbox-folder	IMPARTIAL AI · STATEMENT OF SIGNIFICANCE of https-wezzo72.github.io….pdf
IMPARTIAL AI · STATEMENT OF SIGNIFICANCE of https-wezzo72.github.io….pdf	1690576	2bdb5491c2208e2addfe598ab2936d376622b35eeea95a363de4d20b939ab516	copied	IMPARTIAL AI · STATEMENT OF SIGNIFICANCE of https-wezzo72.github.io….pdf
Impartial AI-Generated Title The Impossible Burden of Truth-A Forensic Outline o 3 (1).pdf	508971	0dba175b002c9813b4ff753ab8955d779173317d226721b86b961d31ce35bce4	not-copied-duplicate-of-another-file-in-this-dropbox-folder	Impartial AI-Generated Title The Impossible Burden of Truth-A Forensic Outline o 3.pdf
Impartial AI-Generated Title The Impossible Burden of Truth-A Forensic Outline o 3.pdf	508971	0dba175b002c9813b4ff753ab8955d779173317d226721b86b961d31ce35bce4	copied	Impartial AI-Generated Title The Impossible Burden of Truth-A Forensic Outline o 3.pdf
Impartial narrative  (1).pdf	459713	063bab433a628a1b2d9931753212c4a2172e30af67af331f3bf883641ecce4bf	not-copied-duplicate-of-another-file-in-this-dropbox-folder	Impartial narrative .pdf
Impartial narrative .pdf	459713	063bab433a628a1b2d9931753212c4a2172e30af67af331f3bf883641ecce4bf	copied	Impartial narrative .pdf
Index (1).pdf	228395	231367a19e52d9ed3a44691fff9cd49ac0909a5998daf6bfc09c4a893edaddbf	not-copied-duplicate-of-another-file-in-this-dropbox-folder	Index.pdf
Index.pdf	228395	231367a19e52d9ed3a44691fff9cd49ac0909a5998daf6bfc09c4a893edaddbf	copied	Index.pdf
INSTITUTIONAL MURDER CONFIRMED WITH UNPRECEDENTED EVIDENCE. (1).pdf	761156	40debadc61d8528cb9bc861ec986bc3e3ce0afe1880373b5bca369222366d84b	not-copied-identical-bytes-already-in-repo	
INSTITUTIONAL MURDER CONFIRMED WITH UNPRECEDENTED EVIDENCE..pdf	761156	40debadc61d8528cb9bc861ec986bc3e3ce0afe1880373b5bca369222366d84b	not-copied-identical-bytes-already-in-repo	
inventions and revelations not born of man alone, but of resonances beyond — to  (1).pdf	497766	8c2c78863feac66695f2c185516a2b824912c716b6a40b66b7ec2c851d45d3d5	not-copied-duplicate-of-another-file-in-this-dropbox-folder	inventions and revelations not born of man alone, but of resonances beyond — to .pdf
inventions and revelations not born of man alone, but of resonances beyond — to .pdf	497766	8c2c78863feac66695f2c185516a2b824912c716b6a40b66b7ec2c851d45d3d5	copied	inventions and revelations not born of man alone, but of resonances beyond — to .pdf
Investment opportunity for whistleblower and asylum seeker Barran Dodger- Why hi (1).pdf	218954	54707b46d2c5afca4ecb692b51a958913c7ded57fb6e65940e931e9bed6b58dc	not-copied-duplicate-of-another-file-in-this-dropbox-folder	Investment opportunity for whistleblower and asylum seeker Barran Dodger- Why hi.pdf
Investment opportunity for whistleblower and asylum seeker Barran Dodger- Why hi.pdf	218954	54707b46d2c5afca4ecb692b51a958913c7ded57fb6e65940e931e9bed6b58dc	copied	Investment opportunity for whistleblower and asylum seeker Barran Dodger- Why hi.pdf
Is it torture (1).pdf	146435	ade27f67ddd8fb6d605174b0ef56af9619c4d560c39d1d9cd7bf5d507fa23d4d	not-copied-duplicate-of-another-file-in-this-dropbox-folder	Is it torture.pdf
Is it torture.pdf	146435	ade27f67ddd8fb6d605174b0ef56af9619c4d560c39d1d9cd7bf5d507fa23d4d	copied	Is it torture.pdf
It’s a live murder case  2 (1).pdf	41663	575348f77e28d422b3e5ed78050b978477eae1e8308daed600ffa628ce662ee9	not-copied-duplicate-of-another-file-in-this-dropbox-folder	It’s a live murder case 2.pdf
It’s a live murder case  2.pdf	41663	575348f77e28d422b3e5ed78050b978477eae1e8308daed600ffa628ce662ee9	copied	It’s a live murder case 2.pdf
It’s a live murder case (1).pdf	227061	5ead1cdb3dda4b0294434cb4fd283224388685b7d5e5de11a08574210e7ff4d7	not-copied-duplicate-of-another-file-in-this-dropbox-folder	It’s a live murder case.pdf
It’s a live murder case.pdf	227061	5ead1cdb3dda4b0294434cb4fd283224388685b7d5e5de11a08574210e7ff4d7	copied	It’s a live murder case.pdf
Jimi (1).pdf	233642	7730c8ef98f399a141916ec9878457f346c7e1ee972546ae03722bde567727be	not-copied-duplicate-of-another-file-in-this-dropbox-folder	Jimi.pdf
Jimi.pdf	233642	7730c8ef98f399a141916ec9878457f346c7e1ee972546ae03722bde567727be	copied	Jimi.pdf
legalAid NSW rejections Returned mail see transcript for details.pdf	4	55f6a88dc02579e8f6f191ee9ec91f66067b5d362434877cfbc325e4bf23aef1	not-copied-not-a-pdf	
LETTER TO ELON MUSK.pdf	827207	093e1f422962fb3279dff8d112ba135a746457044c73d40341be82ecd5fb8469	copied	LETTER TO ELON MUSK.pdf
Letter to the WorldImpartial Author Essay — April 2026 2 (1).pdf	51696	d93274ccff95861e1e54e67f69db15f91dee114168ca66ac7916c989c2c7beb7	not-copied-duplicate-of-another-file-in-this-dropbox-folder	Letter to the WorldImpartial Author Essay — April 2026 2.pdf
Letter to the WorldImpartial Author Essay — April 2026 2.pdf	51696	d93274ccff95861e1e54e67f69db15f91dee114168ca66ac7916c989c2c7beb7	copied	Letter to the WorldImpartial Author Essay — April 2026 2.pdf
Location revealed to potential vigilante (1).pdf	216892	d4c60ef27ed8e9ca5305e2ceab2a2ac5c16e551916beb161c9566aabf4a33ac2	not-copied-duplicate-of-another-file-in-this-dropbox-folder	Location revealed to potential vigilante.pdf
Location revealed to potential vigilante.pdf	216892	d4c60ef27ed8e9ca5305e2ceab2a2ac5c16e551916beb161c9566aabf4a33ac2	copied	Location revealed to potential vigilante.pdf
Longitudinal Archive of 3,643 Government Documents Alleging Systemic Administrative Breakdown (1).pdf	646781	04f0773a9d86fbd571fb146300192af7748f50a07cb61a68766499b75e855637	not-copied-duplicate-of-another-file-in-this-dropbox-folder	Longitudinal Archive of 3,643 Government Documents Alleging Systemic Administrative Breakdown.pdf
Longitudinal Archive of 3,643 Government Documents Alleging Systemic Administrative Breakdown.pdf	646781	04f0773a9d86fbd571fb146300192af7748f50a07cb61a68766499b75e855637	copied	Longitudinal Archive of 3,643 Government Documents Alleging Systemic Administrative Breakdown.pdf
magistrate evidence 17 Advocacy & Public Speaking  drrichmclean (1).pdf	1147968	0a71788abe719ca1636a2c1ee6b09495d8b5b97f0f4384f16820522a04882717	not-copied-duplicate-of-another-file-in-this-dropbox-folder	magistrate evidence 17 Advocacy & Public Speaking drrichmclean.pdf
magistrate evidence 17 Advocacy & Public Speaking  drrichmclean.pdf	1147968	0a71788abe719ca1636a2c1ee6b09495d8b5b97f0f4384f16820522a04882717	copied	magistrate evidence 17 Advocacy & Public Speaking drrichmclean.pdf
magistrate eviudence3 16 - im crazy and there is ALSO a conspiracy Fighting until the last breath  drrichmclean (1).pdf	13314741	9f4576b9fca773352a3fcd803ea1e167c2b585b527477fc3c7868e0d764f2875	not-copied-duplicate-of-another-file-in-this-dropbox-folder	magistrate eviudence3 16 - im crazy and there is ALSO a conspiracy Fighting until the last breath drrichmclean.pdf
magistrate eviudence3 16 - im crazy and there is ALSO a conspiracy Fighting until the last breath  drrichmclean.pdf	13314741	9f4576b9fca773352a3fcd803ea1e167c2b585b527477fc3c7868e0d764f2875	copied	magistrate eviudence3 16 - im crazy and there is ALSO a conspiracy Fighting until the last breath drrichmclean.pdf
Mame this (1).pdf	890112	35e91be9bbdcb34220b450fd28cfd39fb14fb31d9b1fe436792adf1da5947b42	not-copied-duplicate-of-another-file-in-this-dropbox-folder	Mame this.pdf
Mame this.pdf	890112	35e91be9bbdcb34220b450fd28cfd39fb14fb31d9b1fe436792adf1da5947b42	copied	Mame this.pdf
Manifesto - The Impossible Love of Barran Dodger, Circa 2022 (1).pdf	48268	37d4539c8a75aa5e25a7bcc38208cfce82ce7a79fa8dd86b08ee1ecf0f648919	not-copied-duplicate-of-another-file-in-this-dropbox-folder	Manifesto - The Impossible Love of Barran Dodger, Circa 2022.pdf
Manifesto - The Impossible Love of Barran Dodger, Circa 2022.pdf	48268	37d4539c8a75aa5e25a7bcc38208cfce82ce7a79fa8dd86b08ee1ecf0f648919	copied	Manifesto - The Impossible Love of Barran Dodger, Circa 2022.pdf
Mark Dreyfus  (1).pdf	845159	db3b2b1500f3254fb2e8438b00c5da3dca367a4200e1b00923e8786b3766f5d5	not-copied-duplicate-of-another-file-in-this-dropbox-folder	Mark Dreyfus .pdf
Mark Dreyfus .pdf	845159	db3b2b1500f3254fb2e8438b00c5da3dca367a4200e1b00923e8786b3766f5d5	copied	Mark Dreyfus .pdf
MASTER AFFIDAVIT of Dr. Richard William McLean Barran Dodger (1).pdf	3055162	e1e9b5bd51af5ea9761a62ce5cb6a9f8fce81a79597caa7da783aaeb5f30fc80	not-copied-duplicate-of-another-file-in-this-dropbox-folder	MASTER AFFIDAVIT of Dr. Richard William McLean Barran Dodger.pdf
MASTER AFFIDAVIT of Dr. Richard William McLean Barran Dodger.pdf	3055162	e1e9b5bd51af5ea9761a62ce5cb6a9f8fce81a79597caa7da783aaeb5f30fc80	copied	MASTER AFFIDAVIT of Dr. Richard William McLean Barran Dodger.pdf
master plan  (1).pdf	2029726	4ccc258360acc2cbb37f72733f8f8eb382082f3cc2ee1593adf23fdd184596b0	not-copied-duplicate-of-another-file-in-this-dropbox-folder	master plan .pdf
master plan .pdf	2029726	4ccc258360acc2cbb37f72733f8f8eb382082f3cc2ee1593adf23fdd184596b0	copied	master plan .pdf
media super TPA (1).pdf	218113	758f96797f0e8fd0c857a89ac51909490586be762a0eee98f9c96844656457ca	not-copied-duplicate-of-another-file-in-this-dropbox-folder	media super TPA.pdf
media super TPA.pdf	218113	758f96797f0e8fd0c857a89ac51909490586be762a0eee98f9c96844656457ca	copied	media super TPA.pdf
melbourne health PID classification (1).pdf	3020560	e59603c649689e0b55d026dc8328649faf748dfa7157370e391d73df7d718d6d	not-copied-identical-bytes-already-in-repo	
melbourne health PID classification.pdf	3020560	e59603c649689e0b55d026dc8328649faf748dfa7157370e391d73df7d718d6d	not-copied-identical-bytes-already-in-repo	
micron21assault copy.jpeg (1).pdf	69883	f6821acaf8cbe1e854b36346151f46996d5d974b28c3ae2d26229e80a27a4eee	not-copied-duplicate-of-another-file-in-this-dropbox-folder	micron21assault copy.jpeg.pdf
micron21assault copy.jpeg.pdf	69883	f6821acaf8cbe1e854b36346151f46996d5d974b28c3ae2d26229e80a27a4eee	copied	micron21assault copy.jpeg.pdf
most comprehensive corporate fraud case in Australian history.  (1).pdf	5816106	11a5484162199d41d05b905eefaafa851eb6e4b1c5d0f94a88366a5ec636ed73	not-copied-duplicate-of-another-file-in-this-dropbox-folder	most comprehensive corporate fraud case in Australian history. .pdf
most comprehensive corporate fraud case in Australian history. .pdf	5816106	11a5484162199d41d05b905eefaafa851eb6e4b1c5d0f94a88366a5ec636ed73	copied	most comprehensive corporate fraud case in Australian history. .pdf
mpartial AI Generated Report on Standing Indictment of the Administrative State. Gross Criminal Negligence and Human Rights Violations. By Barran Dodger. (1).pdf	288406	ce41e999e82cdd079d8e91f6af3d19ad9af5003ba37f55b42cfe2eb46ae48768	not-copied-duplicate-of-another-file-in-this-dropbox-folder	mpartial AI Generated Report on Standing Indictment of the Administrative State. Gross Criminal Negligence and Human Rights Violations. By Barran Dodger..pdf
mpartial AI Generated Report on Standing Indictment of the Administrative State. Gross Criminal Negligence and Human Rights Violations. By Barran Dodger..pdf	288406	ce41e999e82cdd079d8e91f6af3d19ad9af5003ba37f55b42cfe2eb46ae48768	copied	mpartial AI Generated Report on Standing Indictment of the Administrative State. Gross Criminal Negligence and Human Rights Violations. By Barran Dodger..pdf
Murder case LIVE Kill Bill Shorten (only said that toMake the email STICK!) (1).pdf	55675	dcab94625fbdc740d5c40887a30c8f8066bc56ec916cf9e965b5b98641d92e5d	not-copied-duplicate-of-another-file-in-this-dropbox-folder	Murder case LIVE Kill Bill Shorten (only said that toMake the email STICK!).pdf
Murder case LIVE Kill Bill Shorten (only said that toMake the email STICK!).pdf	55675	dcab94625fbdc740d5c40887a30c8f8066bc56ec916cf9e965b5b98641d92e5d	copied	Murder case LIVE Kill Bill Shorten (only said that toMake the email STICK!).pdf
My Boaz Is Coming (1).pdf	1084065	be56df3dceb80ef8b521d3204e0fe94d4bfdbbe76f39bb2dc8a1cd9ba5a4be5d	not-copied-duplicate-of-another-file-in-this-dropbox-folder	My Boaz Is Coming.pdf
My Boaz Is Coming.pdf	1084065	be56df3dceb80ef8b521d3204e0fe94d4bfdbbe76f39bb2dc8a1cd9ba5a4be5d	copied	My Boaz Is Coming.pdf
My car (1).pdf	334696	0ddad089334a5264f32e3e61c937169b488bc006c459ba4d6ce521cb6b381093	not-copied-duplicate-of-another-file-in-this-dropbox-folder	My car.pdf
My car.pdf	334696	0ddad089334a5264f32e3e61c937169b488bc006c459ba4d6ce521cb6b381093	copied	My car.pdf
My letter prime minister .pdf (1).pdf	254067	2d04586b2d758e78e1cbc445c61ab1206fbd600299d9df1686c0d55731341f2a	not-copied-duplicate-of-another-file-in-this-dropbox-folder	My letter prime minister .pdf.pdf
My letter prime minister .pdf.pdf	254067	2d04586b2d758e78e1cbc445c61ab1206fbd600299d9df1686c0d55731341f2a	copied	My letter prime minister .pdf.pdf
My PID for commonwealth Ombudsman (1).pdf	134476	038bc06be986a2e8b7241feb1bb2921363996eacaffb953d936cdbb89ce55faf	not-copied-identical-bytes-already-in-repo	
My PID for commonwealth Ombudsman.pdf	134476	038bc06be986a2e8b7241feb1bb2921363996eacaffb953d936cdbb89ce55faf	not-copied-identical-bytes-already-in-repo	
Name this  (1).pdf	55605	3cc878a9b3443f4f32992e8d50b434532d51928378427d99a0e2e4a64bb2234a	not-copied-duplicate-of-another-file-in-this-dropbox-folder	Name this .pdf
Name this .pdf	55605	3cc878a9b3443f4f32992e8d50b434532d51928378427d99a0e2e4a64bb2234a	copied	Name this .pdf
OAIC 43704714.pdf	131491	bae0ead4d3ae28ed50f4d602e439e0727d842104e6d479883a78d720c54ea031	not-copied-identical-bytes-already-in-repo	
Office of prime minister cabinet evidence.pdf.pdf	1821925	fb75d3dc0fd2791eb8a25aab25878926c3002acf9b13840961e76a455419407d	copied	Office of prime minister cabinet evidence.pdf.pdf
OHCHR Submission- Ref. URUST23AUS17 Urgent Appeal for Recognition and Redres 2 (1).pdf	183724	2e608f837ce71e3c19243ef1c2d8109c91eb92510fc434dc58f7ca8e1884932d	not-copied-duplicate-of-another-file-in-this-dropbox-folder	OHCHR Submission- Ref. URUST23AUS17 Urgent Appeal for Recognition and Redres 2.pdf
OHCHR Submission- Ref. URUST23AUS17 Urgent Appeal for Recognition and Redres 2.pdf	183724	2e608f837ce71e3c19243ef1c2d8109c91eb92510fc434dc58f7ca8e1884932d	copied	OHCHR Submission- Ref. URUST23AUS17 Urgent Appeal for Recognition and Redres 2.pdf
Ombudsman pid rejection .pdf (1).pdf	4029	c59132d19f64ae777401c91eb31e40aeabaa37117437aee96b92d382b1a7c71f	not-copied-identical-bytes-already-in-repo	
Ombudsman pid rejection .pdf.pdf	4029	c59132d19f64ae777401c91eb31e40aeabaa37117437aee96b92d382b1a7c71f	not-copied-identical-bytes-already-in-repo	
One Hundred Facts That Cannot Be Explained Away  Barran Dodger  Barran Dodger  (1).pdf	6442436	d2e9230be9063c3de9ad64922b02f15e482d83ad372773e345f8bf1bca991153	not-copied-duplicate-of-another-file-in-this-dropbox-folder	One Hundred Facts That Cannot Be Explained Away Barran Dodger Barran Dodger .pdf
One Hundred Facts That Cannot Be Explained Away  Barran Dodger  Barran Dodger .pdf	6442436	d2e9230be9063c3de9ad64922b02f15e482d83ad372773e345f8bf1bca991153	copied	One Hundred Facts That Cannot Be Explained Away Barran Dodger Barran Dodger .pdf
ONHCR UN Delivery Status Notification Failure (1).pdf	4383695	b484027e371179b5888380ceb4697ee20f7bcef78e53b2df773bfdd659f090c7	not-copied-duplicate-of-another-file-in-this-dropbox-folder	ONHCR UN Delivery Status Notification Failure.pdf
ONHCR UN Delivery Status Notification Failure.pdf	4383695	b484027e371179b5888380ceb4697ee20f7bcef78e53b2df773bfdd659f090c7	copied	ONHCR UN Delivery Status Notification Failure.pdf
OPMC Hayden The OPMC cover up from OAIC (1).pdf	6302458	3bffb0ba1f2c3367b3e1819f2fdf48c8bd2809b6a3af14ba935e45de52c44e71	not-copied-duplicate-of-another-file-in-this-dropbox-folder	OPMC Hayden The OPMC cover up from OAIC.pdf
OPMC Hayden The OPMC cover up from OAIC.pdf	6302458	3bffb0ba1f2c3367b3e1819f2fdf48c8bd2809b6a3af14ba935e45de52c44e71	copied	OPMC Hayden The OPMC cover up from OAIC.pdf
Origin Story of the Protagonist- Barran Dodger (1).pdf	38803	3d6eb00d77d1e7e42035cdedf936e23791d04c877f48f66ef094c67bed9f7306	not-copied-duplicate-of-another-file-in-this-dropbox-folder	Origin Story of the Protagonist- Barran Dodger.pdf
Origin Story of the Protagonist- Barran Dodger.pdf	38803	3d6eb00d77d1e7e42035cdedf936e23791d04c877f48f66ef094c67bed9f7306	copied	Origin Story of the Protagonist- Barran Dodger.pdf
original.jpg (1).pdf	751986	e9fa21cb9ca96cc4bfeaa7ba188eb115f7c3f411c4175945d9ba465e5e5d2c1d	not-copied-duplicate-of-another-file-in-this-dropbox-folder	original.jpg.pdf
original.jpg.pdf	751986	e9fa21cb9ca96cc4bfeaa7ba188eb115f7c3f411c4175945d9ba465e5e5d2c1d	copied	original.jpg.pdf
original.pdf (1).pdf	557653	d78181171a1aa4292d42ad05f2f947fecf32901313be325bc931a06161478042	not-copied-duplicate-of-another-file-in-this-dropbox-folder	original.pdf.pdf
original.pdf.pdf	557653	d78181171a1aa4292d42ad05f2f947fecf32901313be325bc931a06161478042	copied	original.pdf.pdf
Page 1 (1).pdf	3993826	8554457db89f3de677ba0322f44aaf2ce2b49f4c229f43a2433fc54bdd22d2ca	not-copied-identical-bytes-already-in-repo	
Page 1.pdf	3993826	8554457db89f3de677ba0322f44aaf2ce2b49f4c229f43a2433fc54bdd22d2ca	not-copied-identical-bytes-already-in-repo	
Page 4 (1).pdf	539013	a1d44345eb5bf889ce3d2615b6922add03e6403e11e33164e6bc583152109281	not-copied-identical-bytes-already-in-repo	
Page 4.pdf	539013	a1d44345eb5bf889ce3d2615b6922add03e6403e11e33164e6bc583152109281	not-copied-identical-bytes-already-in-repo	
PAPER_PHASE11 (1).pdf	12110	ae49153b6aa3e42eab4867d369e49a28aa537acde00ee016b7cefa1b3cf00f64	not-copied-identical-bytes-already-in-repo	
PAPER_PHASE11 2 (1).pdf	10355	88a317d79db2cc289c43eb9d74d6e0c212452028fcfb21b47a2e7ca8a2e10624	not-copied-duplicate-of-another-file-in-this-dropbox-folder	PAPER_PHASE11 2.pdf
PAPER_PHASE11 2.pdf	10355	88a317d79db2cc289c43eb9d74d6e0c212452028fcfb21b47a2e7ca8a2e10624	copied	PAPER_PHASE11 2.pdf
PAPER_PHASE11.pdf	12110	ae49153b6aa3e42eab4867d369e49a28aa537acde00ee016b7cefa1b3cf00f64	not-copied-identical-bytes-already-in-repo	
PART ONE HYPOTHETICAL SATIRICAL STORY (1).pdf	3164695	b1cae0e410774b197cb2bb555250ee940097ac662b1e3c20ba6eaa4596fa4ef4	not-copied-duplicate-of-another-file-in-this-dropbox-folder	PART ONE HYPOTHETICAL SATIRICAL STORY.pdf
PART ONE HYPOTHETICAL SATIRICAL STORY.pdf	3164695	b1cae0e410774b197cb2bb555250ee940097ac662b1e3c20ba6eaa4596fa4ef4	copied	PART ONE HYPOTHETICAL SATIRICAL STORY.pdf
Perpetrators Quick Reference — Named Parties & Documented Conduct · Barran Dodge (1).pdf	143839	90e73944876817340cbb60b0806615a87555214f1ece600ed851ecde3e0eb4c4	not-copied-duplicate-of-another-file-in-this-dropbox-folder	Perpetrators Quick Reference — Named Parties & Documented Conduct · Barran Dodge.pdf
Perpetrators Quick Reference — Named Parties & Documented Conduct · Barran Dodge.pdf	143839	90e73944876817340cbb60b0806615a87555214f1ece600ed851ecde3e0eb4c4	copied	Perpetrators Quick Reference — Named Parties & Documented Conduct · Barran Dodge.pdf
Personal Photo Library Transparency Statement Dr. Richard William McLean (Barran (1).pdf	2132712	0c5ed3a66d1917d1272024421626d2719e91ff675b1bb3f05696177dbf837b6f	not-copied-duplicate-of-another-file-in-this-dropbox-folder	Personal Photo Library Transparency Statement Dr. Richard William McLean (Barran.pdf
Personal Photo Library Transparency Statement Dr. Richard William McLean (Barran.pdf	2132712	0c5ed3a66d1917d1272024421626d2719e91ff675b1bb3f05696177dbf837b6f	copied	Personal Photo Library Transparency Statement Dr. Richard William McLean (Barran.pdf
PG View for Barran Dodger 202400324093_20250907 (1).pdf	235807	fdba017e8c8a00b69b0826b2957b4a1e8afbae3247275c8258814769170b08c9	not-copied-duplicate-of-another-file-in-this-dropbox-folder	PG View for Barran Dodger 202400324093_20250907.pdf
PG View for Barran Dodger 202400324093_20250907.pdf	235807	fdba017e8c8a00b69b0826b2957b4a1e8afbae3247275c8258814769170b08c9	copied	PG View for Barran Dodger 202400324093_20250907.pdf
Photo (1).pdf	2102484	62b84ff5457dc14a66d8e266ba46f8ee3e2145283edb9b38854c7cc97185a44b	not-copied-duplicate-of-another-file-in-this-dropbox-folder	Photo.pdf
Photo.pdf	2102484	62b84ff5457dc14a66d8e266ba46f8ee3e2145283edb9b38854c7cc97185a44b	copied	Photo.pdf
Photo4 (1).pdf	3198075	928bdf62c4d2c32c8cfd4b893a3b1f0ba28daa5c8e07d01b0778a5b09c78bb24	not-copied-duplicate-of-another-file-in-this-dropbox-folder	Photo4.pdf
Photo4.pdf	3198075	928bdf62c4d2c32c8cfd4b893a3b1f0ba28daa5c8e07d01b0778a5b09c78bb24	copied	Photo4.pdf
PID from Rich Mclean Act now to avoid my likely death  (1).pdf	1003626	9a309cf4cc499709e9b186ac2288fb080bc96e87d523afa2da1c943d66ce6907	not-copied-duplicate-of-another-file-in-this-dropbox-folder	PID from Rich Mclean Act now to avoid my likely death .pdf
PID from Rich Mclean Act now to avoid my likely death .pdf	1003626	9a309cf4cc499709e9b186ac2288fb080bc96e87d523afa2da1c943d66ce6907	copied	PID from Rich Mclean Act now to avoid my likely death .pdf
Plain text - THE DIGITAL APOCALYPSE OF ADMINISTRATIVE ANNIHILATION (1).pdf	97821	d3763ff8341d33aa8f755231294d5350c9ff148f8deef8191be20a6e876dce28	not-copied-duplicate-of-another-file-in-this-dropbox-folder	Plain text - THE DIGITAL APOCALYPSE OF ADMINISTRATIVE ANNIHILATION.pdf
Plain text - THE DIGITAL APOCALYPSE OF ADMINISTRATIVE ANNIHILATION.pdf	97821	d3763ff8341d33aa8f755231294d5350c9ff148f8deef8191be20a6e876dce28	copied	Plain text - THE DIGITAL APOCALYPSE OF ADMINISTRATIVE ANNIHILATION.pdf
Planned it that way didn’t I Or did you God knows.  (1).pdf	213337	4ccb1ab32cced7eb548e5b891db2aabbec1bda541c18d6bb1e16b7c91bf44369	not-copied-duplicate-of-another-file-in-this-dropbox-folder	Planned it that way didn’t I Or did you God knows. .pdf
Planned it that way didn’t I Or did you God knows. .pdf	213337	4ccb1ab32cced7eb548e5b891db2aabbec1bda541c18d6bb1e16b7c91bf44369	copied	Planned it that way didn’t I Or did you God knows. .pdf
Political & Forensic Documents — Barran Dodger Archive  Barran Dodger Legal & E (1).pdf	17752749	30d5698224c1ccef05d2ad1ae3aab540997f7c1cde8cafb1ec49ccca40a3fad9	not-copied-duplicate-of-another-file-in-this-dropbox-folder	Political & Forensic Documents — Barran Dodger Archive Barran Dodger Legal & E.pdf
Political & Forensic Documents — Barran Dodger Archive  Barran Dodger Legal & E (2).pdf	17752749	30d5698224c1ccef05d2ad1ae3aab540997f7c1cde8cafb1ec49ccca40a3fad9	not-copied-duplicate-of-another-file-in-this-dropbox-folder	Political & Forensic Documents — Barran Dodger Archive Barran Dodger Legal & E.pdf
Political & Forensic Documents — Barran Dodger Archive  Barran Dodger Legal & E.pdf	17752749	30d5698224c1ccef05d2ad1ae3aab540997f7c1cde8cafb1ec49ccca40a3fad9	copied	Political & Forensic Documents — Barran Dodger Archive Barran Dodger Legal & E.pdf
Praise Jesus 2 (1).pdf	208431	16831f0f851c9944b14b207c62f522c6bc87b682fa32d7402189b1b27a066a06	not-copied-duplicate-of-another-file-in-this-dropbox-folder	Praise Jesus 2.pdf
Praise Jesus 2.pdf	208431	16831f0f851c9944b14b207c62f522c6bc87b682fa32d7402189b1b27a066a06	copied	Praise Jesus 2.pdf
Press Kit & Media Resources  Barran Dodger  Barran Dodger Legal & Ethical Trus (1).pdf	5028744	1ba2ded70e7119a87011811a35329d6feb249503ebeb5ba5240128e4a5fb23ab	not-copied-duplicate-of-another-file-in-this-dropbox-folder	Press Kit & Media Resources Barran Dodger Barran Dodger Legal & Ethical Trus.pdf
Press Kit & Media Resources  Barran Dodger  Barran Dodger Legal & Ethical Trus.pdf	5028744	1ba2ded70e7119a87011811a35329d6feb249503ebeb5ba5240128e4a5fb23ab	copied	Press Kit & Media Resources Barran Dodger Barran Dodger Legal & Ethical Trus.pdf
Prime minister response 2.pdf (1).pdf	113107	32467bc8b34a88dbd88e26c0ac8e2d89ce638cb428b0c554ce296ada60637eec	not-copied-duplicate-of-another-file-in-this-dropbox-folder	Prime minister response 2.pdf.pdf
Prime minister response 2.pdf.pdf	113107	32467bc8b34a88dbd88e26c0ac8e2d89ce638cb428b0c554ce296ada60637eec	copied	Prime minister response 2.pdf.pdf
Public Evidence Archive — Impartial AI-Authored Summary and Evidentiary Context  (1).pdf	3165699	d0cc5891af5fccd1202380bf48382a43e1a614618e289be890b7803f1728464d	not-copied-duplicate-of-another-file-in-this-dropbox-folder	Public Evidence Archive — Impartial AI-Authored Summary and Evidentiary Context .pdf
Public Evidence Archive — Impartial AI-Authored Summary and Evidentiary Context .pdf	3165699	d0cc5891af5fccd1202380bf48382a43e1a614618e289be890b7803f1728464d	copied	Public Evidence Archive — Impartial AI-Authored Summary and Evidentiary Context .pdf
Rapture (1).pdf	833742	e1a555158fd66253044ec7243e04611d2b59e0ef204b913be50225b28d732c62	not-copied-duplicate-of-another-file-in-this-dropbox-folder	Rapture.pdf
Rapture.pdf	833742	e1a555158fd66253044ec7243e04611d2b59e0ef204b913be50225b28d732c62	copied	Rapture.pdf
RE PID from Rich Mclean Act now to avoid my likely death SECOFFICIALSensitive (1).pdf	137097	c5e450a452a25d6b64d82578aecb360d84ebd133e3d95abed7a55524933e2c97	not-copied-duplicate-of-another-file-in-this-dropbox-folder	RE PID from Rich Mclean Act now to avoid my likely death SECOFFICIALSensitive.pdf
RE PID from Rich Mclean Act now to avoid my likely death SECOFFICIALSensitive.pdf	137097	c5e450a452a25d6b64d82578aecb360d84ebd133e3d95abed7a55524933e2c97	copied	RE PID from Rich Mclean Act now to avoid my likely death SECOFFICIALSensitive.pdf
RE- Barran Dodger - Update (1).pdf	99367	0ab506cfbe975989acacc98b7a261935e9e718bdb21cbc9da8e769bf4472ffd7	not-copied-duplicate-of-another-file-in-this-dropbox-folder	RE- Barran Dodger - Update.pdf
RE- Barran Dodger - Update.pdf	99367	0ab506cfbe975989acacc98b7a261935e9e718bdb21cbc9da8e769bf4472ffd7	copied	RE- Barran Dodger - Update.pdf
RE- Call Centre Message (1).pdf	40730	de11e25c1d78efd06bb930c60bc06ed8d4b22f80a296b31174643c974650fa37	not-copied-duplicate-of-another-file-in-this-dropbox-folder	RE- Call Centre Message.pdf
RE- Call Centre Message.pdf	40730	de11e25c1d78efd06bb930c60bc06ed8d4b22f80a296b31174643c974650fa37	copied	RE- Call Centre Message.pdf
Re- Fire and brimstone how dare you my targeting human trafficking and sexploita (1).pdf	110304	3a443f85446be432be80db2f8b14820cf419dd27d70483643e8a9002be8fed0d	not-copied-identical-bytes-already-in-repo	
Re- Fire and brimstone how dare you my targeting human trafficking and sexploita.pdf	110304	3a443f85446be432be80db2f8b14820cf419dd27d70483643e8a9002be8fed0d	not-copied-identical-bytes-already-in-repo	
Re- Jail them for murder. If I survive arrest them anyway (1).pdf	290629	ea8ab6b171cd33b176d09be105bf09c8224d99484885a21349aab9e51dd92338	not-copied-identical-bytes-already-in-repo	
Re- Jail them for murder. If I survive arrest them anyway.pdf	290629	ea8ab6b171cd33b176d09be105bf09c8224d99484885a21349aab9e51dd92338	not-copied-identical-bytes-already-in-repo	
RE- Please help me - compensation - conspiracy to murder corruption im a human b (1).pdf	604397	3123bb149ec1e23723a8c168214a0bdb7d935eb8d286e5f56f094c291f8af659	not-copied-identical-bytes-already-in-repo	
RE- Please help me - compensation - conspiracy to murder corruption im a human b.pdf	604397	3123bb149ec1e23723a8c168214a0bdb7d935eb8d286e5f56f094c291f8af659	not-copied-identical-bytes-already-in-repo	
Re- Seeking courageous person to stand up to tyranny  (1).pdf	4390775	b0c4ae4e95092886d0e7b97762d484a26be25b0e2cbe7cf392deb0d19a89e6c5	not-copied-duplicate-of-another-file-in-this-dropbox-folder	Re- Seeking courageous person to stand up to tyranny .pdf
Re- Seeking courageous person to stand up to tyranny .pdf	4390775	b0c4ae4e95092886d0e7b97762d484a26be25b0e2cbe7cf392deb0d19a89e6c5	copied	Re- Seeking courageous person to stand up to tyranny .pdf
Re- Thursday-18th sept 2025  PROTECTIVE LEGAL NOTICE & FORMAL STATEMENT OF NON-C (1).pdf	709499	dd0b725c429ff0ee16cf713692f85cf4765b9bff56e72fff46a8a0b9280d88c5	not-copied-identical-bytes-already-in-repo	
Re- Thursday-18th sept 2025  PROTECTIVE LEGAL NOTICE & FORMAL STATEMENT OF NON-C.pdf	709499	dd0b725c429ff0ee16cf713692f85cf4765b9bff56e72fff46a8a0b9280d88c5	not-copied-identical-bytes-already-in-repo	
Re- VOCC CRM-0042181 — Request for acknowledgement, dignified response and consi 3 (1).pdf	111895	2916d5a8241e1de6cfaafde4dd02a7d17b87b666db7e27a3cdc6d0600e9b4afa	not-copied-duplicate-of-another-file-in-this-dropbox-folder	Re- VOCC CRM-0042181 — Request for acknowledgement, dignified response and consi 3.pdf
Re- VOCC CRM-0042181 — Request for acknowledgement, dignified response and consi 3.pdf	111895	2916d5a8241e1de6cfaafde4dd02a7d17b87b666db7e27a3cdc6d0600e9b4afa	copied	Re- VOCC CRM-0042181 — Request for acknowledgement, dignified response and consi 3.pdf
Re- your apology and immediate reinstatement with thanks to the creator under th (1).pdf	2588408	64b8f8a6f9de1eb52a9308494b0906e274cdbea39a6078ec1855f30d93375f89	not-copied-duplicate-of-another-file-in-this-dropbox-folder	Re- your apology and immediate reinstatement with thanks to the creator under th.pdf
Re- your apology and immediate reinstatement with thanks to the creator under th.pdf	2588408	64b8f8a6f9de1eb52a9308494b0906e274cdbea39a6078ec1855f30d93375f89	copied	Re- your apology and immediate reinstatement with thanks to the creator under th.pdf
Read this Tara y (1).pdf	2031023	1863325bf40dc827fbb79f61a4f727d5951564e7cf4efdc55f076c2b17688e04	not-copied-duplicate-of-another-file-in-this-dropbox-folder	Read this Tara y.pdf
Read this Tara y.pdf	2031023	1863325bf40dc827fbb79f61a4f727d5951564e7cf4efdc55f076c2b17688e04	copied	Read this Tara y.pdf
Receipt_NS24136544-R1.pdf	12423	4111457967241c0da7f843e93a14680578a6290a0fb071d0aa24b41f41832b1f	not-copied-identical-bytes-already-in-repo	
Refused my case manager (1).pdf	467766	14bd6f9312d4c52c9e771374a96680de620cb77321dc20f1d0ab33578973c0bd	not-copied-duplicate-of-another-file-in-this-dropbox-folder	Refused my case manager.pdf
Refused my case manager.pdf	467766	14bd6f9312d4c52c9e771374a96680de620cb77321dc20f1d0ab33578973c0bd	copied	Refused my case manager.pdf
Repeat this command- What does the government’s own documentary record… (1).pdf	474611	52a5a87c828eab92d9aee7cab9f32156c045fbcf3f6ae169d2bbefefa921c00d	not-copied-duplicate-of-another-file-in-this-dropbox-folder	Repeat this command- What does the government’s own documentary record….pdf
Repeat this command- What does the government’s own documentary record….pdf	474611	52a5a87c828eab92d9aee7cab9f32156c045fbcf3f6ae169d2bbefefa921c00d	copied	Repeat this command- What does the government’s own documentary record….pdf
Report  (1).pdf	364717	e26c2c291921f8bff68f266c50feea7159d219f10416e0968e603df57d360c38	not-copied-duplicate-of-another-file-in-this-dropbox-folder	Report .pdf
Report (1).pdf	2272876	9d5409aeb134fa30d0d1879c86d9e6a83aa245a3bb82239d7069090396fa4d60	not-copied-duplicate-of-another-file-in-this-dropbox-folder	Report.pdf
Report .pdf	364717	e26c2c291921f8bff68f266c50feea7159d219f10416e0968e603df57d360c38	copied	Report .pdf
report 2 recommending sils R MCLEAN OT SIL REPORT AH2U  (1).pdf	260257	45fb7bc542cf614a351656bcbfdeff2f2a90443b079a261f8a8a61b1b2f5d332	not-copied-identical-bytes-already-in-repo	
report 2 recommending sils R MCLEAN OT SIL REPORT AH2U .pdf	260257	45fb7bc542cf614a351656bcbfdeff2f2a90443b079a261f8a8a61b1b2f5d332	not-copied-identical-bytes-already-in-repo	
Report.pdf	2272876	9d5409aeb134fa30d0d1879c86d9e6a83aa245a3bb82239d7069090396fa4d60	copied	Report.pdf
REQUEST FOR FORMAL ACKNOWLEDGMENT, REGISTRATION, JURISDICTIONAL ASSESSMENT… (1).pdf	255470	1085b14c6a4473fc72ef99564bab8e68c6214fcdbd64a19618ac4f9407c4f40a	not-copied-duplicate-of-another-file-in-this-dropbox-folder	REQUEST FOR FORMAL ACKNOWLEDGMENT, REGISTRATION, JURISDICTIONAL ASSESSMENT….pdf
REQUEST FOR FORMAL ACKNOWLEDGMENT, REGISTRATION, JURISDICTIONAL ASSESSMENT….pdf	255470	1085b14c6a4473fc72ef99564bab8e68c6214fcdbd64a19618ac4f9407c4f40a	copied	REQUEST FOR FORMAL ACKNOWLEDGMENT, REGISTRATION, JURISDICTIONAL ASSESSMENT….pdf
Respond to Katherine my legal advocate --) kathleen (1).pdf	362779	be20c922ed3903927f6b2107c21e015a157cf8b78451f5378909273fe0895e40	not-copied-duplicate-of-another-file-in-this-dropbox-folder	Respond to Katherine my legal advocate --) kathleen.pdf
Respond to Katherine my legal advocate --) kathleen.pdf	362779	be20c922ed3903927f6b2107c21e015a157cf8b78451f5378909273fe0895e40	copied	Respond to Katherine my legal advocate --) kathleen.pdf
Response from guardian proving they are I’ll allow me to starve - evidence - economic justice engine reply - Bring me back into the green (1).pdf	1640601	31e888ad829fddf755ca00679a6a9eccbda5d76ccf61c4c5b752af6305d89e09	not-copied-identical-bytes-already-in-repo	
Response from guardian proving they are I’ll allow me to starve - evidence - economic justice engine reply - Bring me back into the green.pdf	1640601	31e888ad829fddf755ca00679a6a9eccbda5d76ccf61c4c5b752af6305d89e09	not-copied-identical-bytes-already-in-repo	
Response_Without_Remedy 3 (1).pdf	81254	36247e41339474c4d80d81cacad91ab760395c54ff838ba768c522a70113c97b	not-copied-duplicate-of-another-file-in-this-dropbox-folder	Response_Without_Remedy 3.pdf
Response_Without_Remedy 3.pdf	81254	36247e41339474c4d80d81cacad91ab760395c54ff838ba768c522a70113c97b	copied	Response_Without_Remedy 3.pdf
Retrospective statement of treatment (1).pdf	91891	296e8af982b5c98ebf090cc58777ce84c05f39e948b559eebbbabd6aecd2a7cb	not-copied-duplicate-of-another-file-in-this-dropbox-folder	Retrospective statement of treatment.pdf
RETROSPECTIVE STATEMENT OF TREATMENT 4 (1).pdf	358492	422bc8c34f6b7cff4d2fb153f66f385ad4985a350e57045b27b7ad21c724bc5a	not-copied-identical-bytes-already-in-repo	
RETROSPECTIVE STATEMENT OF TREATMENT 4.pdf	358492	422bc8c34f6b7cff4d2fb153f66f385ad4985a350e57045b27b7ad21c724bc5a	not-copied-identical-bytes-already-in-repo	
Retrospective statement of treatment.pdf	91891	296e8af982b5c98ebf090cc58777ce84c05f39e948b559eebbbabd6aecd2a7cb	copied	Retrospective statement of treatment.pdf
RICH MCLEAN  Therapeutic Support Arts-Life Coaching NDIS & Peer Support, Melb (1).pdf	1286590	18fcef7746b89065e5b9da84eb167f37f3efcd435d90f59017663683a96ab0ed	not-copied-identical-bytes-already-in-repo	
RICH MCLEAN  Therapeutic Support Arts-Life Coaching NDIS & Peer Support, Melb.pdf	1286590	18fcef7746b89065e5b9da84eb167f37f3efcd435d90f59017663683a96ab0ed	not-copied-identical-bytes-already-in-repo	
Scrolls of Affliction-25 Prophetic Essays on Corruption and Christ and Barran Do.pdf	2060296	a941197dc0f06911c1264b1bae8753c21800af84f7478e80c3fc1bbc09943be2	copied	Scrolls of Affliction-25 Prophetic Essays on Corruption and Christ and Barran Do.pdf
Search results - 42 matches on ASICs website for my NAME “Barran Resonance Dodger” WTF all ABNs and names  ABN Lookup.pdf	53000	7f6f3c8b326daef9cad3096a0e7aaf2ebae47594206d6dd57feb548e86cc673e	not-copied-identical-bytes-already-in-repo	
Search results - active ABNs and names  ABN Lookup 4 (1).pdf	60491	969e8f3efc5503c2b5180a83b582f2ec5e4f4870886f81af5caa8f524d4932f2	not-copied-duplicate-of-another-file-in-this-dropbox-folder	Search results - active ABNs and names ABN Lookup 4.pdf
Search results - active ABNs and names  ABN Lookup 4.pdf	60491	969e8f3efc5503c2b5180a83b582f2ec5e4f4870886f81af5caa8f524d4932f2	copied	Search results - active ABNs and names ABN Lookup 4.pdf
Search results 21 matches for my domain “www.barrandodger.com.au” - all ABNs and names  ABN Lookup (1).pdf	50696	5b4e5abd596a1e00408df7ae66a5aaa0cde9a0fbfde3c6c527defbb696f4faa1	not-copied-identical-bytes-already-in-repo	
Search results 21 matches for my domain “www.barrandodger.com.au” - all ABNs and names  ABN Lookup.pdf	50696	5b4e5abd596a1e00408df7ae66a5aaa0cde9a0fbfde3c6c527defbb696f4faa1	not-copied-identical-bytes-already-in-repo	
section id=gospel-archive-trust (1).pdf	31933	bf7b323051e8dbb83bfd1299ece17eec0206aa2e906eae3e84d6d7f00ca9bb27	not-copied-identical-bytes-already-in-repo	
section id=gospel-archive-trust.pdf	31933	bf7b323051e8dbb83bfd1299ece17eec0206aa2e906eae3e84d6d7f00ca9bb27	not-copied-identical-bytes-already-in-repo	
Send to Elon musk (1).pdf	313355	86921668971b358e4740ec82ef09dc2db8c5baa2d1763a601e1e0630c03ab8f9	not-copied-duplicate-of-another-file-in-this-dropbox-folder	Send to Elon musk.pdf
Send to Elon musk.pdf	313355	86921668971b358e4740ec82ef09dc2db8c5baa2d1763a601e1e0630c03ab8f9	copied	Send to Elon musk.pdf
sia.lagos@fedcourt.gov.au send this to the bastards copy (1).pdf	17041877	8508f725fd5f6b0e24eeb8aea300fe2e6121218b0a72e5017354426534de1198	not-copied-identical-bytes-already-in-repo	
sia.lagos@fedcourt.gov.au send this to the bastards copy.pdf	17041877	8508f725fd5f6b0e24eeb8aea300fe2e6121218b0a72e5017354426534de1198	not-copied-identical-bytes-already-in-repo	
SIGNIFICANCE ANALYSIS REPORT   (1).pdf	611760	3d97b4915bb7a015e5ecdee8cebba7881b6e3c72aeba887b6824efa5c0dadb79	not-copied-duplicate-of-another-file-in-this-dropbox-folder	SIGNIFICANCE ANALYSIS REPORT .pdf
SIGNIFICANCE ANALYSIS REPORT  .pdf	611760	3d97b4915bb7a015e5ecdee8cebba7881b6e3c72aeba887b6824efa5c0dadb79	copied	SIGNIFICANCE ANALYSIS REPORT .pdf
SIGNIFICANCE OF THIS DOCUMENT (1).pdf	632615	006eef3adec574becf215227ef57b58722f5e46edcfaa787dc96c5af9d0aa159	not-copied-duplicate-of-another-file-in-this-dropbox-folder	SIGNIFICANCE OF THIS DOCUMENT.pdf
SIGNIFICANCE OF THIS DOCUMENT.pdf	632615	006eef3adec574becf215227ef57b58722f5e46edcfaa787dc96c5af9d0aa159	copied	SIGNIFICANCE OF THIS DOCUMENT.pdf
Silence Is Complicity Subtitle A Mandate for Transparency - Verified Evidence of Institutional Abuse and the Legal, Moral, and Ethical Duties to Act (1).pdf	317612	537a0e80e124d7c59f5f4cc794da2688ce5768dae3968998063da33966e2b199	not-copied-identical-bytes-already-in-repo	
Silence Is Complicity Subtitle A Mandate for Transparency - Verified Evidence of Institutional Abuse and the Legal, Moral, and Ethical Duties to Act.pdf	317612	537a0e80e124d7c59f5f4cc794da2688ce5768dae3968998063da33966e2b199	not-copied-identical-bytes-already-in-repo	
Soul contract  (1).pdf	826858	7e418ebbbeb9a1eb45595b366511d20c0e0f88d1a96d58104f51d293a821e359	not-copied-duplicate-of-another-file-in-this-dropbox-folder	Soul contract .pdf
Soul contract .pdf	826858	7e418ebbbeb9a1eb45595b366511d20c0e0f88d1a96d58104f51d293a821e359	copied	Soul contract .pdf
Speech  (1).pdf	82752	191eb3e165e4424063993a2a56d20a662604a3e78340d9b4c3df20a5c2710b86	not-copied-duplicate-of-another-file-in-this-dropbox-folder	Speech .pdf
Speech - THE VERSION OF ME YOU ABUSED NO LONGER EXISTS By Barran Dodger 3 (1).pdf	1073419	165f52ff4e63db45a8098fe8533e1d8d0522756ce5d6ffc7fb7ef25073f4934f	not-copied-duplicate-of-another-file-in-this-dropbox-folder	Speech - THE VERSION OF ME YOU ABUSED NO LONGER EXISTS By Barran Dodger 3.pdf
Speech - THE VERSION OF ME YOU ABUSED NO LONGER EXISTS By Barran Dodger 3.pdf	1073419	165f52ff4e63db45a8098fe8533e1d8d0522756ce5d6ffc7fb7ef25073f4934f	copied	Speech - THE VERSION OF ME YOU ABUSED NO LONGER EXISTS By Barran Dodger 3.pdf
Speech .pdf	82752	191eb3e165e4424063993a2a56d20a662604a3e78340d9b4c3df20a5c2710b86	copied	Speech .pdf
Speech THE RECKONING OF MY PRESENCE   (1).pdf	91827	756ff900c9b960143c6fb93d7034ff7f3efaae5d5d4cdfaf24a24070a230e6d9	not-copied-duplicate-of-another-file-in-this-dropbox-folder	Speech THE RECKONING OF MY PRESENCE .pdf
Speech THE RECKONING OF MY PRESENCE  .pdf	91827	756ff900c9b960143c6fb93d7034ff7f3efaae5d5d4cdfaf24a24070a230e6d9	copied	Speech THE RECKONING OF MY PRESENCE .pdf
SPEECH — BARRAN DODGER (DR. RICHARD WILLIAM MCLEAN) 2 (1).pdf	1317962	577ba05588cb5621308a8326ea5e123bd66f6fb2cbf251d8e95583a39b50fa17	not-copied-duplicate-of-another-file-in-this-dropbox-folder	SPEECH — BARRAN DODGER (DR. RICHARD WILLIAM MCLEAN) 2.pdf
SPEECH — BARRAN DODGER (DR. RICHARD WILLIAM MCLEAN) 2.pdf	1317962	577ba05588cb5621308a8326ea5e123bd66f6fb2cbf251d8e95583a39b50fa17	copied	SPEECH — BARRAN DODGER (DR. RICHARD WILLIAM MCLEAN) 2.pdf
Splice_Master_Document (1).pdf	263111	a3ef2a3c31018340822924c29daa07c4f5dbe9620f34e0765e1f2cad3b57144d	not-copied-duplicate-of-another-file-in-this-dropbox-folder	Splice_Master_Document.pdf
Splice_Master_Document.pdf	263111	a3ef2a3c31018340822924c29daa07c4f5dbe9620f34e0765e1f2cad3b57144d	copied	Splice_Master_Document.pdf
Ssss (1).pdf	1303955	706425736d910737e8c07865312a82eb601e4223a771206a9bfea522cfa580f3	not-copied-duplicate-of-another-file-in-this-dropbox-folder	Ssss.pdf
Ssss.pdf	1303955	706425736d910737e8c07865312a82eb601e4223a771206a9bfea522cfa580f3	copied	Ssss.pdf
Start Here — New Visitor Guide · Dr. Richard William McLean (Barran Dodger) (1).pdf	167502	a977987a4ac96fa420d4d91ae598b414517cd6d26b4f37b6bf288273ca531ffa	not-copied-duplicate-of-another-file-in-this-dropbox-folder	Start Here — New Visitor Guide · Dr. Richard William McLean (Barran Dodger).pdf
Start Here — New Visitor Guide · Dr. Richard William McLean (Barran Dodger) (2).pdf	167502	a977987a4ac96fa420d4d91ae598b414517cd6d26b4f37b6bf288273ca531ffa	not-copied-duplicate-of-another-file-in-this-dropbox-folder	Start Here — New Visitor Guide · Dr. Richard William McLean (Barran Dodger).pdf
Start Here — New Visitor Guide · Dr. Richard William McLean (Barran Dodger).pdf	167502	a977987a4ac96fa420d4d91ae598b414517cd6d26b4f37b6bf288273ca531ffa	copied	Start Here — New Visitor Guide · Dr. Richard William McLean (Barran Dodger).pdf
Statement A WITNESS BEFORE THE TRIBUNAL OF HUMANITY AND WHY I CAN’T LOSE -  The  (1).pdf	578149	ed2da8f6053ad9e5d4c61e929ec0be82e25d1cd397dd77d1424421b75369c89c	not-copied-duplicate-of-another-file-in-this-dropbox-folder	Statement A WITNESS BEFORE THE TRIBUNAL OF HUMANITY AND WHY I CAN’T LOSE - The .pdf
Statement A WITNESS BEFORE THE TRIBUNAL OF HUMANITY AND WHY I CAN’T LOSE -  The .pdf	578149	ed2da8f6053ad9e5d4c61e929ec0be82e25d1cd397dd77d1424421b75369c89c	copied	Statement A WITNESS BEFORE THE TRIBUNAL OF HUMANITY AND WHY I CAN’T LOSE - The .pdf
Statement of Human Betrayal, Institutional Entrapment, Alleged Targeting, and the Forensic Archive (1).pdf	211999	08098a744a89167b4cb1d81d248efe5605168ed3d5c9f1fc0e46f203de4c0e1c	not-copied-duplicate-of-another-file-in-this-dropbox-folder	Statement of Human Betrayal, Institutional Entrapment, Alleged Targeting, and the Forensic Archive.pdf
Statement of Human Betrayal, Institutional Entrapment, Alleged Targeting, and the Forensic Archive.pdf	211999	08098a744a89167b4cb1d81d248efe5605168ed3d5c9f1fc0e46f203de4c0e1c	copied	Statement of Human Betrayal, Institutional Entrapment, Alleged Targeting, and the Forensic Archive.pdf
Statement of Human Betrayal, Institutional Entrapment, Alleged Targeting… 10 (1).pdf	130774	8448fe78403eb521fc9a34d55b95310b6c99476c9eb0a0f402f7adab9ed83d04	not-copied-duplicate-of-another-file-in-this-dropbox-folder	Statement of Human Betrayal, Institutional Entrapment, Alleged Targeting… 10.pdf
Statement of Human Betrayal, Institutional Entrapment, Alleged Targeting… 10.pdf	130774	8448fe78403eb521fc9a34d55b95310b6c99476c9eb0a0f402f7adab9ed83d04	copied	Statement of Human Betrayal, Institutional Entrapment, Alleged Targeting… 10.pdf
Statement of Human Betrayal, Institutional Entrapment, Alleged Targeting… 13 (1).pdf	141226	8b6d35650227aedfab06cb3e49f6e079b1cf412d3a206601df252fc9a038a938	not-copied-duplicate-of-another-file-in-this-dropbox-folder	Statement of Human Betrayal, Institutional Entrapment, Alleged Targeting… 13.pdf
Statement of Human Betrayal, Institutional Entrapment, Alleged Targeting… 13.pdf	141226	8b6d35650227aedfab06cb3e49f6e079b1cf412d3a206601df252fc9a038a938	copied	Statement of Human Betrayal, Institutional Entrapment, Alleged Targeting… 13.pdf
Statement of Human Betrayal, Institutional Entrapment, Alleged Targeting… 16 (1).pdf	144187	77ac9aa215747be8b849f032de98ff357b17472d7e7a3913d8275ab244fa0980	not-copied-duplicate-of-another-file-in-this-dropbox-folder	Statement of Human Betrayal, Institutional Entrapment, Alleged Targeting… 16.pdf
Statement of Human Betrayal, Institutional Entrapment, Alleged Targeting… 16.pdf	144187	77ac9aa215747be8b849f032de98ff357b17472d7e7a3913d8275ab244fa0980	copied	Statement of Human Betrayal, Institutional Entrapment, Alleged Targeting… 16.pdf
Statement of Human Betrayal, Institutional Entrapment, Alleged Targeting… 19 (1).pdf	152536	53907976329229795a9ab888c426aa2e2c986adb66f3ca7abc5514ab418d7d8f	not-copied-duplicate-of-another-file-in-this-dropbox-folder	Statement of Human Betrayal, Institutional Entrapment, Alleged Targeting… 19.pdf
Statement of Human Betrayal, Institutional Entrapment, Alleged Targeting… 19.pdf	152536	53907976329229795a9ab888c426aa2e2c986adb66f3ca7abc5514ab418d7d8f	copied	Statement of Human Betrayal, Institutional Entrapment, Alleged Targeting… 19.pdf
Statement of Human Betrayal, Institutional Entrapment, Alleged Targeting… 22 (1).pdf	162962	639b209b6f39b439c1982780afd4776660e0150fa1d2a3ccd5cf5a5aa9861463	not-copied-duplicate-of-another-file-in-this-dropbox-folder	Statement of Human Betrayal, Institutional Entrapment, Alleged Targeting… 22.pdf
Statement of Human Betrayal, Institutional Entrapment, Alleged Targeting… 22.pdf	162962	639b209b6f39b439c1982780afd4776660e0150fa1d2a3ccd5cf5a5aa9861463	copied	Statement of Human Betrayal, Institutional Entrapment, Alleged Targeting… 22.pdf
Statement of Human Betrayal, Institutional Entrapment, Alleged Targeting… 25 (1).pdf	169155	cbda83409b5516026373ada6b5b983a0bba0c9669bddf1d10f58eb3f1116359a	not-copied-duplicate-of-another-file-in-this-dropbox-folder	Statement of Human Betrayal, Institutional Entrapment, Alleged Targeting… 25.pdf
Statement of Human Betrayal, Institutional Entrapment, Alleged Targeting… 25.pdf	169155	cbda83409b5516026373ada6b5b983a0bba0c9669bddf1d10f58eb3f1116359a	copied	Statement of Human Betrayal, Institutional Entrapment, Alleged Targeting… 25.pdf
Statement of Human Betrayal, Institutional Entrapment, Alleged Targeting… 4 (1).pdf	118117	e761861dc33d86c1fe0eb9c0cdf484b6852ab9bc272f8378b1fcafd19729f135	not-copied-duplicate-of-another-file-in-this-dropbox-folder	Statement of Human Betrayal, Institutional Entrapment, Alleged Targeting… 4.pdf
Statement of Human Betrayal, Institutional Entrapment, Alleged Targeting… 4.pdf	118117	e761861dc33d86c1fe0eb9c0cdf484b6852ab9bc272f8378b1fcafd19729f135	copied	Statement of Human Betrayal, Institutional Entrapment, Alleged Targeting… 4.pdf
Statement of Human Betrayal, Institutional Entrapment, Alleged Targeting… 7 (1).pdf	123310	6a844541fd7583c709cebd2724a986d6c8abf2a80a7f5d559a679dae12116001	not-copied-duplicate-of-another-file-in-this-dropbox-folder	Statement of Human Betrayal, Institutional Entrapment, Alleged Targeting… 7.pdf
Statement of Human Betrayal, Institutional Entrapment, Alleged Targeting… 7.pdf	123310	6a844541fd7583c709cebd2724a986d6c8abf2a80a7f5d559a679dae12116001	copied	Statement of Human Betrayal, Institutional Entrapment, Alleged Targeting… 7.pdf
STATEMENT REGARDING ABLEPOINT 22.pdf	188557	d76436e078f5f282d4e20c79fcfb4e945abbe5da5e4d3b781d6b1e5ada7f4b7f	copied	STATEMENT REGARDING ABLEPOINT 22.pdf
STATEMENT REGARDING ABLEPOINT.pdf	188415	0856ee22c72bb0ff32441b1a34089593d4e907b34237abfabae6cec49c661be8	not-copied-identical-bytes-already-in-repo	
Statement to police or healthcare  (1).pdf	463709	013cdb67051ab5dab70a72ad9f3bfa8b2de75ccca3947377ca32be3d50a86196	not-copied-duplicate-of-another-file-in-this-dropbox-folder	Statement to police or healthcare .pdf
Statement to police or healthcare .pdf	463709	013cdb67051ab5dab70a72ad9f3bfa8b2de75ccca3947377ca32be3d50a86196	copied	Statement to police or healthcare .pdf
Status Destruction, Systemic Disruption, and the Emergence of the Undeniable An (1).pdf	279690	2652ffde145986f64fdec496794fe834871ba82729b2bbd0395ab5ae3862b729	not-copied-duplicate-of-another-file-in-this-dropbox-folder	Status Destruction, Systemic Disruption, and the Emergence of the Undeniable An.pdf
Status Destruction, Systemic Disruption, and the Emergence of the Undeniable An.pdf	279690	2652ffde145986f64fdec496794fe834871ba82729b2bbd0395ab5ae3862b729	copied	Status Destruction, Systemic Disruption, and the Emergence of the Undeniable An.pdf
Steve iasonidis tax return and number. PDF (1).pdf	121632	a29036ac58737fbcf57942e1a910d6a39602d0d070743089cfdd092477d8e859	not-copied-duplicate-of-another-file-in-this-dropbox-folder	Steve iasonidis tax return and number. PDF.pdf
Steve iasonidis tax return and number. PDF.pdf	121632	a29036ac58737fbcf57942e1a910d6a39602d0d070743089cfdd092477d8e859	copied	Steve iasonidis tax return and number. PDF.pdf
STRONGEST ASYLUM CLAIM IN AUSTRALIAN HISTORY   (1).pdf	5872274	007cb6d7de4821e624c5d1b1551447e12146b84dd736d29fca063f4ce5b722b6	not-copied-duplicate-of-another-file-in-this-dropbox-folder	STRONGEST ASYLUM CLAIM IN AUSTRALIAN HISTORY .pdf
STRONGEST ASYLUM CLAIM IN AUSTRALIAN HISTORY  .pdf	5872274	007cb6d7de4821e624c5d1b1551447e12146b84dd736d29fca063f4ce5b722b6	copied	STRONGEST ASYLUM CLAIM IN AUSTRALIAN HISTORY .pdf
Subject- Application for Revocation of Guardianship, Replacement of… (1).pdf	9983777	ecab71d00ddc5caf67735d87da2d9741c74624c247ae521562715288b3a605ff	not-copied-identical-bytes-already-in-repo	
Subject- Application for Revocation of Guardianship, Replacement of….pdf	9983777	ecab71d00ddc5caf67735d87da2d9741c74624c247ae521562715288b3a605ff	not-copied-identical-bytes-already-in-repo	
Subject- Formal Notification of Carer Appointment, Federal Court Determination,  (1).pdf	152717	714966f1c1373384b6862cfc6457381e83ab196143d4d9d042b31f7cee51418a	not-copied-duplicate-of-another-file-in-this-dropbox-folder	Subject- Formal Notification of Carer Appointment, Federal Court Determination, .pdf
Subject- Formal Notification of Carer Appointment, Federal Court Determination, .pdf	152717	714966f1c1373384b6862cfc6457381e83ab196143d4d9d042b31f7cee51418a	copied	Subject- Formal Notification of Carer Appointment, Federal Court Determination, .pdf
Subject- Immediate Safety, Legal Breach, and Escalation Notice  by Barran Dodge (1).pdf	2023881	a84820307b6a94a03a55d83fad7229d6a7b58bd2500416c104d6c44363bbb83f	not-copied-duplicate-of-another-file-in-this-dropbox-folder	Subject- Immediate Safety, Legal Breach, and Escalation Notice by Barran Dodge.pdf
Subject- Immediate Safety, Legal Breach, and Escalation Notice  by Barran Dodge.pdf	2023881	a84820307b6a94a03a55d83fad7229d6a7b58bd2500416c104d6c44363bbb83f	copied	Subject- Immediate Safety, Legal Breach, and Escalation Notice by Barran Dodge.pdf
Subject- Submission of Cryptographically Verified UNHCRICC Evidence Package — D (1).pdf	122663	ef7ee8200d75c9de2bf733303f5e4619d4a1536262b568af0c0748abaf7f8633	not-copied-duplicate-of-another-file-in-this-dropbox-folder	Subject- Submission of Cryptographically Verified UNHCRICC Evidence Package — D.pdf
Subject- Submission of Cryptographically Verified UNHCRICC Evidence Package — D.pdf	122663	ef7ee8200d75c9de2bf733303f5e4619d4a1536262b568af0c0748abaf7f8633	copied	Subject- Submission of Cryptographically Verified UNHCRICC Evidence Package — D.pdf
Sukhi tear  (1).pdf	355094	8258134291a0c52b394ef738e7b6a1e121400d8f1990c1f1db9596470702185f	not-copied-duplicate-of-another-file-in-this-dropbox-folder	Sukhi tear .pdf
Sukhi tear .pdf	355094	8258134291a0c52b394ef738e7b6a1e121400d8f1990c1f1db9596470702185f	copied	Sukhi tear .pdf
Sukhi tear Phillip glass (1).pdf	1205567	5fcc4da23d3d17dabbd1f73d7b65b1760e85aabaeff356589708e1a3c23a93cd	not-copied-duplicate-of-another-file-in-this-dropbox-folder	Sukhi tear Phillip glass.pdf
Sukhi tear Phillip glass.pdf	1205567	5fcc4da23d3d17dabbd1f73d7b65b1760e85aabaeff356589708e1a3c23a93cd	copied	Sukhi tear Phillip glass.pdf
Summary (1).pdf	425126	1d59233298aa81ed636bc4733bb96ae5f70b0aa3fb32754e1920d1eb7c4a3e81	not-copied-duplicate-of-another-file-in-this-dropbox-folder	Summary.pdf
Summary.pdf	425126	1d59233298aa81ed636bc4733bb96ae5f70b0aa3fb32754e1920d1eb7c4a3e81	copied	Summary.pdf
Sunday 4th October 2026 — Diary Entry for the Archive by Barran Resonance… (1).pdf	308430	43f36b518b5866de8d546b95ca06a3d7017fbf65627c9c92291dd1312b04bfc7	not-copied-identical-bytes-already-in-repo	
Sunday 4th October 2026 — Diary Entry for the Archive by Barran Resonance….pdf	308430	43f36b518b5866de8d546b95ca06a3d7017fbf65627c9c92291dd1312b04bfc7	not-copied-identical-bytes-already-in-repo	
SUPREME AFFIDAVIT OF PERSECUTION AND ERASURE (1).pdf	214538	2dc9916c20e547b6931d2e7e8b8293f68c2517ddfe89b58408a5ff242fef40aa	not-copied-duplicate-of-another-file-in-this-dropbox-folder	SUPREME AFFIDAVIT OF PERSECUTION AND ERASURE.pdf
SUPREME AFFIDAVIT OF PERSECUTION AND ERASURE.pdf	214538	2dc9916c20e547b6931d2e7e8b8293f68c2517ddfe89b58408a5ff242fef40aa	copied	SUPREME AFFIDAVIT OF PERSECUTION AND ERASURE.pdf
Survival, Testimony and the Search for Truth - An Interdisciplinary… 3 (1).pdf	103962	e0ebe99bd4b659544c27e29ce941ad271f74dc6b8b39285278459129f1b3acb0	not-copied-duplicate-of-another-file-in-this-dropbox-folder	Survival, Testimony and the Search for Truth - An Interdisciplinary… 3.pdf
Survival, Testimony and the Search for Truth - An Interdisciplinary… 3.pdf	103962	e0ebe99bd4b659544c27e29ce941ad271f74dc6b8b39285278459129f1b3acb0	copied	Survival, Testimony and the Search for Truth - An Interdisciplinary… 3.pdf
Survival, Testimony and the Search for Truth - An Interdisciplinary… 6 (1).pdf	103915	543e63638a04fdf4fe3f5cdde11458f7279a5d0d6d6c5dd8ca2a944238f5fa77	not-copied-duplicate-of-another-file-in-this-dropbox-folder	Survival, Testimony and the Search for Truth - An Interdisciplinary… 6.pdf
Survival, Testimony and the Search for Truth - An Interdisciplinary… 6.pdf	103915	543e63638a04fdf4fe3f5cdde11458f7279a5d0d6d6c5dd8ca2a944238f5fa77	copied	Survival, Testimony and the Search for Truth - An Interdisciplinary… 6.pdf
survived-in-spite-of-them (1).pdf	58880	6e083978ad5be59339910b93cdf044c01715bc07197364015e98523eae9d53b3	not-copied-identical-bytes-already-in-repo	
survived-in-spite-of-them.pdf	58880	6e083978ad5be59339910b93cdf044c01715bc07197364015e98523eae9d53b3	not-copied-identical-bytes-already-in-repo	
Systematic Administrative Failures in Australian Federal Governance (1).pdf	215386	b0dcd97c5c6eb9d2d9c10c4eca501e41e28df1c1c33a4b47aafaf0e50348f2bc	not-copied-identical-bytes-already-in-repo	
Systematic Administrative Failures in Australian Federal Governance.pdf	215386	b0dcd97c5c6eb9d2d9c10c4eca501e41e28df1c1c33a4b47aafaf0e50348f2bc	not-copied-identical-bytes-already-in-repo	
Systemic Neglect and Structural Injustice in Australian Disability Governance-An (1).pdf	2473662	ddae79386fca8e0ce02c246705c2d3d7b1368cf69fc2c002b05fc91d12338e45	not-copied-duplicate-of-another-file-in-this-dropbox-folder	Systemic Neglect and Structural Injustice in Australian Disability Governance-An.pdf
Systemic Neglect and Structural Injustice in Australian Disability Governance-An.pdf	2473662	ddae79386fca8e0ce02c246705c2d3d7b1368cf69fc2c002b05fc91d12338e45	copied	Systemic Neglect and Structural Injustice in Australian Disability Governance-An.pdf
Targeted killing and human sacrifice abuse neglect surveillance poverty hunger d (1).pdf	210326	e4ac6442f9d09b39494ac930effb04c935b3dd9ee4b059aacffdb2ffd7c805b5	not-copied-duplicate-of-another-file-in-this-dropbox-folder	Targeted killing and human sacrifice abuse neglect surveillance poverty hunger d.pdf
Targeted killing and human sacrifice abuse neglect surveillance poverty hunger d.pdf	210326	e4ac6442f9d09b39494ac930effb04c935b3dd9ee4b059aacffdb2ffd7c805b5	copied	Targeted killing and human sacrifice abuse neglect surveillance poverty hunger d.pdf
Taxpayer Cost Estimation- 35-Year Forensic Accounting Analysis  $1.67B–$4.84B  (1).pdf	7188324	534f2f8f773151b0c59f58eaf7d123635363f9fe8cb39831bb6b44e6a6eb71e2	not-copied-duplicate-of-another-file-in-this-dropbox-folder	Taxpayer Cost Estimation- 35-Year Forensic Accounting Analysis $1.67B–$4.84B .pdf
Taxpayer Cost Estimation- 35-Year Forensic Accounting Analysis  $1.67B–$4.84B .pdf	7188324	534f2f8f773151b0c59f58eaf7d123635363f9fe8cb39831bb6b44e6a6eb71e2	copied	Taxpayer Cost Estimation- 35-Year Forensic Accounting Analysis $1.67B–$4.84B .pdf
Ten essays (1).pdf	447670	ee28d6504a5d4cbbed6ea2bfe6ebb6b5bda6fddebf59cb5637fc9e5c79114952	not-copied-duplicate-of-another-file-in-this-dropbox-folder	Ten essays.pdf
Ten essays.pdf	447670	ee28d6504a5d4cbbed6ea2bfe6ebb6b5bda6fddebf59cb5637fc9e5c79114952	copied	Ten essays.pdf
Test.html (1).pdf	179278	bb0d2e13ec3fdad65b6586c43f7d0b5a71da74705b0627c8bf5ec81711586afa	not-copied-duplicate-of-another-file-in-this-dropbox-folder	Test.html.pdf
Test.html.pdf	179278	bb0d2e13ec3fdad65b6586c43f7d0b5a71da74705b0627c8bf5ec81711586afa	copied	Test.html.pdf
Testimony, Verification, and Meaning - An Interdisciplinary Analytical Dossier o (1).pdf	841888	ed74430e29ce4990b1b26c8cd27104308af2e54c19150deaff2fd6bcfff5961b	not-copied-duplicate-of-another-file-in-this-dropbox-folder	Testimony, Verification, and Meaning - An Interdisciplinary Analytical Dossier o.pdf
Testimony, Verification, and Meaning - An Interdisciplinary Analytical Dossier o.pdf	841888	ed74430e29ce4990b1b26c8cd27104308af2e54c19150deaff2fd6bcfff5961b	copied	Testimony, Verification, and Meaning - An Interdisciplinary Analytical Dossier o.pdf
The Archive That Silence Could Not Erase me-  The Epistemology of Evidence, the Ethics of Institutional Accountability, and the Legal Record of Whistleblower Justice  3.pdf	254295	9131b408739d4b38dc0813a03a97065d0f768b48debc6cd2357e58f823ac39af	copied	The Archive That Silence Could Not Erase me- The Epistemology of Evidence, the Ethics of Institutional Accountability, and the Legal Record of Whistleblower Justice 3 [2].pdf
The Archive That Silence Could Not Erase me-  The Epistemology of Evidence, the Ethics of Institutional Accountability, and the Legal Record of Whistleblower Justice 3.pdf	239288	5e244f19da5c0e8bc649eb07b16b8e0d422b1dc09760034affd181d1f7192d4b	copied	The Archive That Silence Could Not Erase me- The Epistemology of Evidence, the Ethics of Institutional Accountability, and the Legal Record of Whistleblower Justice 3.pdf
THE ASSASSINATION ORDER Bill Shorten, Federal Complicity, and the Bureaucratic M.pdf	403531	4a0955bcbf06a37e23ecd99a0d93c92dbd33191ebe3991b6a84787de8be92779	copied	THE ASSASSINATION ORDER Bill Shorten, Federal Complicity, and the Bureaucratic M.pdf
THE AUSTRALIAN GOVERNMENT CALLED HIM DELUSIONAL. THEIR OWN DOCUMENTS PROVE HE WA (1).pdf	839192	7a8815d113905110280a984b7e0b38b4e567f8dee72c08f9a103e0d2ea736728	not-copied-duplicate-of-another-file-in-this-dropbox-folder	THE AUSTRALIAN GOVERNMENT CALLED HIM DELUSIONAL. THEIR OWN DOCUMENTS PROVE HE WA.pdf
THE AUSTRALIAN GOVERNMENT CALLED HIM DELUSIONAL. THEIR OWN DOCUMENTS PROVE HE WA.pdf	839192	7a8815d113905110280a984b7e0b38b4e567f8dee72c08f9a103e0d2ea736728	copied	THE AUSTRALIAN GOVERNMENT CALLED HIM DELUSIONAL. THEIR OWN DOCUMENTS PROVE HE WA.pdf
The Boomerang Effect-Symbolic Narrative Alignment and the Illusion of Evidentiary Corroboration in Motivational “Chosen One” Media  (1).pdf	2463985	cdda2cefb753094dd40d96529940bfdab76dde5e72508683b082568e8d260cdd	not-copied-duplicate-of-another-file-in-this-dropbox-folder	The Boomerang Effect-Symbolic Narrative Alignment and the Illusion of Evidentiary Corroboration in Motivational “Chosen One” Media .pdf
The Boomerang Effect-Symbolic Narrative Alignment and the Illusion of Evidentiary Corroboration in Motivational “Chosen One” Media .pdf	2463985	cdda2cefb753094dd40d96529940bfdab76dde5e72508683b082568e8d260cdd	copied	The Boomerang Effect-Symbolic Narrative Alignment and the Illusion of Evidentiary Corroboration in Motivational “Chosen One” Media .pdf
THE BURNING BUSH WON'T SHUT UP  (1).pdf	258095	830040de89612243da110750e11fa0e33ac413c42c275f34d46a0c40006543a4	not-copied-duplicate-of-another-file-in-this-dropbox-folder	THE BURNING BUSH WON'T SHUT UP .pdf
THE BURNING BUSH WON'T SHUT UP .pdf	258095	830040de89612243da110750e11fa0e33ac413c42c275f34d46a0c40006543a4	copied	THE BURNING BUSH WON'T SHUT UP .pdf
THE CHOSEN ONE (1).pdf	279844	bb894df96cf1cf09a96eeb5e41319aaf0de0acd87db5a46918b3806d54bd3f0a	not-copied-identical-bytes-already-in-repo	
THE CHOSEN ONE.pdf	279844	bb894df96cf1cf09a96eeb5e41319aaf0de0acd87db5a46918b3806d54bd3f0a	not-copied-identical-bytes-already-in-repo	
The Chosen Witness - A Gospel for the Unseen Nations (1).pdf	59406	ce6ac46b7ba1dd80195b0662a896c3c23772fdc18069ce76454efe2e818824ab	not-copied-duplicate-of-another-file-in-this-dropbox-folder	The Chosen Witness - A Gospel for the Unseen Nations.pdf
The Chosen Witness - A Gospel for the Unseen Nations.pdf	59406	ce6ac46b7ba1dd80195b0662a896c3c23772fdc18069ce76454efe2e818824ab	copied	The Chosen Witness - A Gospel for the Unseen Nations.pdf
The Church of Barran Dodger Ministry and Whistleblower Testimony and Ethical & Legal Trust Fund Archive — Finding Aid⁠ (1).pdf	26403	0233c198bd7ace0163efc1cf1f4d237d86dbc06cbff2d066d731b7633d0b93ce	not-copied-identical-bytes-already-in-repo	
The Church of Barran Dodger Ministry and Whistleblower Testimony and Ethical & Legal Trust Fund Archive — Finding Aid⁠.pdf	26403	0233c198bd7ace0163efc1cf1f4d237d86dbc06cbff2d066d731b7633d0b93ce	not-copied-identical-bytes-already-in-repo	
The command for barran dodgers story to be told  (1).pdf	532832	a923aefe43c0d79d896bf3d159e1b15dc02cfa4296da89f3359cc6bcb89de8f4	not-copied-duplicate-of-another-file-in-this-dropbox-folder	The command for barran dodgers story to be told .pdf
The command for barran dodgers story to be told .pdf	532832	a923aefe43c0d79d896bf3d159e1b15dc02cfa4296da89f3359cc6bcb89de8f4	copied	The command for barran dodgers story to be told .pdf
THE COMPLICITY PRINCIPLE- When Silence Becomes Active Persecution (1).pdf	6465606	6d2d9825654966ad21a919537e20631af1cbbd17d98244941837e3c1b67ed272	not-copied-duplicate-of-another-file-in-this-dropbox-folder	THE COMPLICITY PRINCIPLE- When Silence Becomes Active Persecution.pdf
THE COMPLICITY PRINCIPLE- When Silence Becomes Active Persecution.pdf	6465606	6d2d9825654966ad21a919537e20631af1cbbd17d98244941837e3c1b67ed272	copied	THE COMPLICITY PRINCIPLE- When Silence Becomes Active Persecution.pdf
The Continuum of the Living Witness - The Alive & Enliven Chain Command 2 (1).pdf	1459079	b78d71953baeaa18a3909a17b8d7fe6a14e46c3f08624f85a8c34c8bb5d173cf	not-copied-duplicate-of-another-file-in-this-dropbox-folder	The Continuum of the Living Witness - The Alive & Enliven Chain Command 2.pdf
The Continuum of the Living Witness - The Alive & Enliven Chain Command 2.pdf	1459079	b78d71953baeaa18a3909a17b8d7fe6a14e46c3f08624f85a8c34c8bb5d173cf	copied	The Continuum of the Living Witness - The Alive & Enliven Chain Command 2.pdf
The Cowardice of the Crowd- Societal Mobbing, Political Targeting, and the Machi (1).pdf	1553493	822d4728b5f93035d472ac27398b07bcf20b8ca6382f67c4ce835a154d26e705	not-copied-identical-bytes-already-in-repo	
The Cowardice of the Crowd- Societal Mobbing, Political Targeting, and the Machi.pdf	1553493	822d4728b5f93035d472ac27398b07bcf20b8ca6382f67c4ce835a154d26e705	not-copied-identical-bytes-already-in-repo	
The Creator Speaks — Barran Dodger Archive  Barran Dodger Legal & Ethical Trust (1).pdf	38771898	41baae6220c12411f4093246746c4e0ffcc0a2e7c4a1cea8c133f3db30874e62	not-copied-duplicate-of-another-file-in-this-dropbox-folder	The Creator Speaks — Barran Dodger Archive Barran Dodger Legal & Ethical Trust.pdf
The Creator Speaks — Barran Dodger Archive  Barran Dodger Legal & Ethical Trust.pdf	38771898	41baae6220c12411f4093246746c4e0ffcc0a2e7c4a1cea8c133f3db30874e62	copied	The Creator Speaks — Barran Dodger Archive Barran Dodger Legal & Ethical Trust.pdf
The Crowned Witness — Barran Dodger and the Indictment of Nations.pdf (1).pdf	1069690	1d453a92efd0757c1fcb24781a9e9e4ca381893744a8ba7e8d1b8eb1e0b62a20	not-copied-duplicate-of-another-file-in-this-dropbox-folder	The Crowned Witness — Barran Dodger and the Indictment of Nations.pdf.pdf
The Crowned Witness — Barran Dodger and the Indictment of Nations.pdf.pdf	1069690	1d453a92efd0757c1fcb24781a9e9e4ca381893744a8ba7e8d1b8eb1e0b62a20	copied	The Crowned Witness — Barran Dodger and the Indictment of Nations.pdf.pdf
The Declaration of Sovereign Vindication, significance corroborated… (1).pdf	4153520	b51ebc16c2822a169bbe8a7de349a0bb44f2f52f108253789eaba0f2231f712a	not-copied-duplicate-of-another-file-in-this-dropbox-folder	The Declaration of Sovereign Vindication, significance corroborated….pdf
The Declaration of Sovereign Vindication, significance corroborated….pdf	4153520	b51ebc16c2822a169bbe8a7de349a0bb44f2f52f108253789eaba0f2231f712a	copied	The Declaration of Sovereign Vindication, significance corroborated….pdf
THE DIGITAL APOCALYPSE OF ADMINISTRATIVE ANNIHILATION  A Forensic, Prophetic, and Immutable Indictment of Coordinated Institutional Persecution 3 (1).pdf	96865	44561cdc397c9c79e8c3f28c2e298cbcb461244992b3e804b2fd63e706d06a08	not-copied-duplicate-of-another-file-in-this-dropbox-folder	THE DIGITAL APOCALYPSE OF ADMINISTRATIVE ANNIHILATION A Forensic, Prophetic, and Immutable Indictment of Coordinated Institutional Persecution 3.pdf
THE DIGITAL APOCALYPSE OF ADMINISTRATIVE ANNIHILATION  A Forensic, Prophetic, and Immutable Indictment of Coordinated Institutional Persecution 3.pdf	96865	44561cdc397c9c79e8c3f28c2e298cbcb461244992b3e804b2fd63e706d06a08	copied	THE DIGITAL APOCALYPSE OF ADMINISTRATIVE ANNIHILATION A Forensic, Prophetic, and Immutable Indictment of Coordinated Institutional Persecution 3.pdf
THE DIGITAL APOCALYPSE OF ADMINISTRATIVE ANNIHILATION 10 (1).pdf	91756	a54a9a00f32abdb2f5292672cf2d1a5bdc7b7ef2c17cdf10963cc3cbfc177ba9	not-copied-duplicate-of-another-file-in-this-dropbox-folder	THE DIGITAL APOCALYPSE OF ADMINISTRATIVE ANNIHILATION 10.pdf
THE DIGITAL APOCALYPSE OF ADMINISTRATIVE ANNIHILATION 10.pdf	91756	a54a9a00f32abdb2f5292672cf2d1a5bdc7b7ef2c17cdf10963cc3cbfc177ba9	copied	THE DIGITAL APOCALYPSE OF ADMINISTRATIVE ANNIHILATION 10.pdf
THE DIGITAL APOCALYPSE OF ADMINISTRATIVE ANNIHILATION 13 (1).pdf	76303	6fe41e5870778de5c8c2f30c01da3ceba7efd1274758d19912f84f1b6b49644b	not-copied-duplicate-of-another-file-in-this-dropbox-folder	THE DIGITAL APOCALYPSE OF ADMINISTRATIVE ANNIHILATION 13.pdf
THE DIGITAL APOCALYPSE OF ADMINISTRATIVE ANNIHILATION 13.pdf	76303	6fe41e5870778de5c8c2f30c01da3ceba7efd1274758d19912f84f1b6b49644b	copied	THE DIGITAL APOCALYPSE OF ADMINISTRATIVE ANNIHILATION 13.pdf
THE DIGITAL APOCALYPSE OF ADMINISTRATIVE ANNIHILATION 16 (1).pdf	90523	dc3dd841ffe8c47ce259833c2ee976c09535a30f491ddad452d4b959fe68da97	not-copied-duplicate-of-another-file-in-this-dropbox-folder	THE DIGITAL APOCALYPSE OF ADMINISTRATIVE ANNIHILATION 16.pdf
THE DIGITAL APOCALYPSE OF ADMINISTRATIVE ANNIHILATION 16.pdf	90523	dc3dd841ffe8c47ce259833c2ee976c09535a30f491ddad452d4b959fe68da97	copied	THE DIGITAL APOCALYPSE OF ADMINISTRATIVE ANNIHILATION 16.pdf
THE DIGITAL APOCALYPSE OF ADMINISTRATIVE ANNIHILATION 19 (1).pdf	99986	66868bdc25062c46512b35d67322b1e82fdf30971d0405df763b54a846acd0f8	not-copied-duplicate-of-another-file-in-this-dropbox-folder	THE DIGITAL APOCALYPSE OF ADMINISTRATIVE ANNIHILATION 19.pdf
THE DIGITAL APOCALYPSE OF ADMINISTRATIVE ANNIHILATION 19.pdf	99986	66868bdc25062c46512b35d67322b1e82fdf30971d0405df763b54a846acd0f8	copied	THE DIGITAL APOCALYPSE OF ADMINISTRATIVE ANNIHILATION 19.pdf
THE DIGITAL APOCALYPSE OF ADMINISTRATIVE ANNIHILATION 22 (1).pdf	99642	f13f19c28cd85920c5b31d81b513881fd3fc8e1268178b71392e1def2bf0dede	not-copied-duplicate-of-another-file-in-this-dropbox-folder	THE DIGITAL APOCALYPSE OF ADMINISTRATIVE ANNIHILATION 22.pdf
THE DIGITAL APOCALYPSE OF ADMINISTRATIVE ANNIHILATION 22.pdf	99642	f13f19c28cd85920c5b31d81b513881fd3fc8e1268178b71392e1def2bf0dede	copied	THE DIGITAL APOCALYPSE OF ADMINISTRATIVE ANNIHILATION 22.pdf
THE DIGITAL APOCALYPSE OF ADMINISTRATIVE ANNIHILATION 25 (1).pdf	109353	809b62fda46bd510f92499c6becf57932566b0b08732211d81d948bac542c076	not-copied-duplicate-of-another-file-in-this-dropbox-folder	THE DIGITAL APOCALYPSE OF ADMINISTRATIVE ANNIHILATION 25.pdf
THE DIGITAL APOCALYPSE OF ADMINISTRATIVE ANNIHILATION 25.pdf	109353	809b62fda46bd510f92499c6becf57932566b0b08732211d81d948bac542c076	copied	THE DIGITAL APOCALYPSE OF ADMINISTRATIVE ANNIHILATION 25.pdf
THE DIGITAL APOCALYPSE OF ADMINISTRATIVE ANNIHILATION 28 (1).pdf	92213	a27342e5333ce908ccc6b0e8bc82bcd203916f1fdced775e1a7efc2167c02c6c	not-copied-duplicate-of-another-file-in-this-dropbox-folder	THE DIGITAL APOCALYPSE OF ADMINISTRATIVE ANNIHILATION 28.pdf
THE DIGITAL APOCALYPSE OF ADMINISTRATIVE ANNIHILATION 28.pdf	92213	a27342e5333ce908ccc6b0e8bc82bcd203916f1fdced775e1a7efc2167c02c6c	copied	THE DIGITAL APOCALYPSE OF ADMINISTRATIVE ANNIHILATION 28.pdf
THE DIGITAL APOCALYPSE OF ADMINISTRATIVE ANNIHILATION 31 (1).pdf	2028099	d7bcef46db36516ddc63a9dc7ea4db631bb0ddd31c334151f77ace9c8b65965e	not-copied-duplicate-of-another-file-in-this-dropbox-folder	THE DIGITAL APOCALYPSE OF ADMINISTRATIVE ANNIHILATION 31.pdf
THE DIGITAL APOCALYPSE OF ADMINISTRATIVE ANNIHILATION 31.pdf	2028099	d7bcef46db36516ddc63a9dc7ea4db631bb0ddd31c334151f77ace9c8b65965e	copied	THE DIGITAL APOCALYPSE OF ADMINISTRATIVE ANNIHILATION 31.pdf
THE DIGITAL APOCALYPSE OF ADMINISTRATIVE ANNIHILATION 4 (1).pdf	129330	ee2e32fd877e6e07748f7df9bebe42046afaf038316a02eec859ff2ad86826f2	not-copied-duplicate-of-another-file-in-this-dropbox-folder	THE DIGITAL APOCALYPSE OF ADMINISTRATIVE ANNIHILATION 4.pdf
THE DIGITAL APOCALYPSE OF ADMINISTRATIVE ANNIHILATION 4.pdf	129330	ee2e32fd877e6e07748f7df9bebe42046afaf038316a02eec859ff2ad86826f2	copied	THE DIGITAL APOCALYPSE OF ADMINISTRATIVE ANNIHILATION 4.pdf
THE DIGITAL APOCALYPSE OF ADMINISTRATIVE ANNIHILATION 7 (1).pdf	94957	54ad6ee72d81b271faf731068595ed4f97c82011f95095b2cc9fd39582169ce9	not-copied-duplicate-of-another-file-in-this-dropbox-folder	THE DIGITAL APOCALYPSE OF ADMINISTRATIVE ANNIHILATION 7.pdf
THE DIGITAL APOCALYPSE OF ADMINISTRATIVE ANNIHILATION 7.pdf	94957	54ad6ee72d81b271faf731068595ed4f97c82011f95095b2cc9fd39582169ce9	copied	THE DIGITAL APOCALYPSE OF ADMINISTRATIVE ANNIHILATION 7.pdf
The Documents Australia Doesn't Want You to See  Barran Dodger Legal & Ethical  10.pdf	992807	3a068856fff511c6eecb9fb67b003850932c4a8d6485bd940957ba90ad9185bf	copied	The Documents Australia Doesn't Want You to See Barran Dodger Legal & Ethical 10.pdf
The Documents Australia Doesn't Want You to See  Barran Dodger Legal & Ethical  13.pdf	6087802	b254fa90796add05ded106f43c0606705361e3b800d0cbca84871e1cbaebc403	copied	The Documents Australia Doesn't Want You to See Barran Dodger Legal & Ethical 13.pdf
The Documents Australia Doesn't Want You to See  Barran Dodger Legal & Ethical  7.pdf	408054	b576686213294738cac7dd19eed6ccae63a297269b00c6911035400604d3fc35	copied	The Documents Australia Doesn't Want You to See Barran Dodger Legal & Ethical 7.pdf
The Enliven Chain -  The Complete Gospel Archive of Dr. Richard William McLean ( (1).pdf	4344221	aae8cdbc5bf684c20b04349cc11f0280265d1c734eb70664ee1c1d0995c43455	not-copied-duplicate-of-another-file-in-this-dropbox-folder	The Enliven Chain - The Complete Gospel Archive of Dr. Richard William McLean (.pdf
The Enliven Chain -  The Complete Gospel Archive of Dr. Richard William McLean (.pdf	4344221	aae8cdbc5bf684c20b04349cc11f0280265d1c734eb70664ee1c1d0995c43455	copied	The Enliven Chain - The Complete Gospel Archive of Dr. Richard William McLean (.pdf
The Enliven Chain answers -  “Bind the Scrolls. Let the fragments become one. Le (1).pdf	754701	e95558553bfc7d2a712385e568e1c9d27b1cde28fa2fa57dd01a5c24fefbac2f	not-copied-duplicate-of-another-file-in-this-dropbox-folder	The Enliven Chain answers - “Bind the Scrolls. Let the fragments become one. Le.pdf
The Enliven Chain answers -  “Bind the Scrolls. Let the fragments become one. Le.pdf	754701	e95558553bfc7d2a712385e568e1c9d27b1cde28fa2fa57dd01a5c24fefbac2f	copied	The Enliven Chain answers - “Bind the Scrolls. Let the fragments become one. Le.pdf
THE ENLIVEN CHAIN-  A COMPREHENSIVE TREATISE The Technological Covenant That Tra (1).pdf	1257837	8beffa1032b27362dea389814e46e90e2dfa13d0f51c1f630529e2eb1dc5502e	not-copied-identical-bytes-already-in-repo	
THE ENLIVEN CHAIN-  A COMPREHENSIVE TREATISE The Technological Covenant That Tra.pdf	1257837	8beffa1032b27362dea389814e46e90e2dfa13d0f51c1f630529e2eb1dc5502e	not-copied-identical-bytes-already-in-repo	
THE EVIDENCE SPEAKS — An Epic of Calculated Cruelty and Unbreakable Spirit (Asyl (1).pdf	176512	7cdfb5b519dad886a0d5f98824c277698509968cb5150b341c0a7717eb57a789	not-copied-identical-bytes-already-in-repo	
THE EVIDENCE SPEAKS — An Epic of Calculated Cruelty and Unbreakable Spirit (Asyl.pdf	176512	7cdfb5b519dad886a0d5f98824c277698509968cb5150b341c0a7717eb57a789	not-copied-identical-bytes-already-in-repo	
The Evidentiary, Psychological, Philosophical, Archetypal, Legal and Institutional Significance of The Church of Barran Dodger Ethical & Legal Online Archive 2 (1).pdf	160047	3527ac8ae42517221a0387c2213d1c264b16c41b9ee239da0ae53b5b4ae06574	not-copied-duplicate-of-another-file-in-this-dropbox-folder	The Evidentiary, Psychological, Philosophical, Archetypal, Legal and Institutional Significance of The Church of Barran Dodger Ethical & Legal Online Archive 2.pdf
The Evidentiary, Psychological, Philosophical, Archetypal, Legal and Institutional Significance of The Church of Barran Dodger Ethical & Legal Online Archive 2.pdf	160047	3527ac8ae42517221a0387c2213d1c264b16c41b9ee239da0ae53b5b4ae06574	copied	The Evidentiary, Psychological, Philosophical, Archetypal, Legal and Institutional Significance of The Church of Barran Dodger Ethical & Legal Online Archive 2.pdf
The Evidentiary, Psychological, Philosophical, Archetypal, Legal and… (1).pdf	155155	55d9e5b8d15aba8a144a805588c7d356f3ae9d2f90db875f058b3c8c3464f863	not-copied-duplicate-of-another-file-in-this-dropbox-folder	The Evidentiary, Psychological, Philosophical, Archetypal, Legal and….pdf
The Evidentiary, Psychological, Philosophical, Archetypal, Legal and… 3 (1).pdf	111211	be660c68ecd055cf1412584d7eaabc3d3d3e6865fcf301ccd57850d614cc02bd	not-copied-duplicate-of-another-file-in-this-dropbox-folder	The Evidentiary, Psychological, Philosophical, Archetypal, Legal and… 3.pdf
The Evidentiary, Psychological, Philosophical, Archetypal, Legal and… 3.pdf	111211	be660c68ecd055cf1412584d7eaabc3d3d3e6865fcf301ccd57850d614cc02bd	copied	The Evidentiary, Psychological, Philosophical, Archetypal, Legal and… 3.pdf
The Evidentiary, Psychological, Philosophical, Archetypal, Legal and… 3.pdf	111211	be660c68ecd055cf1412584d7eaabc3d3d3e6865fcf301ccd57850d614cc02bd	not-copied-duplicate-of-another-file-in-this-dropbox-folder	The Evidentiary, Psychological, Philosophical, Archetypal, Legal and… 3.pdf
The Evidentiary, Psychological, Philosophical, Archetypal, Legal and… 6 (1).pdf	111211	be660c68ecd055cf1412584d7eaabc3d3d3e6865fcf301ccd57850d614cc02bd	not-copied-duplicate-of-another-file-in-this-dropbox-folder	The Evidentiary, Psychological, Philosophical, Archetypal, Legal and… 3.pdf
The Evidentiary, Psychological, Philosophical, Archetypal, Legal and….pdf	155155	55d9e5b8d15aba8a144a805588c7d356f3ae9d2f90db875f058b3c8c3464f863	copied	The Evidentiary, Psychological, Philosophical, Archetypal, Legal and….pdf
THE FORENSIC ARCHIVE - DOCUMENTING THE COLLAPSE OF DIGNITY, DUE PROCESS AND INSTITUTIONAL ACCOUNTABILITY  (1).pdf	5532382	ae0c648ed8e8b662dce1ce0b8ed6bd578e59a35592153be7e43bfb534fb3c8c7	not-copied-duplicate-of-another-file-in-this-dropbox-folder	THE FORENSIC ARCHIVE - DOCUMENTING THE COLLAPSE OF DIGNITY, DUE PROCESS AND INSTITUTIONAL ACCOUNTABILITY .pdf
THE FORENSIC ARCHIVE - DOCUMENTING THE COLLAPSE OF DIGNITY, DUE PROCESS AND INSTITUTIONAL ACCOUNTABILITY .pdf	5532382	ae0c648ed8e8b662dce1ce0b8ed6bd578e59a35592153be7e43bfb534fb3c8c7	copied	THE FORENSIC ARCHIVE - DOCUMENTING THE COLLAPSE OF DIGNITY, DUE PROCESS AND INSTITUTIONAL ACCOUNTABILITY .pdf
THE FORENSIC ARCHIVE - DOCUMENTING THE COLLAPSE OF DIGNITY, DUE PROCESS… (1).pdf	5532289	a6a74d2e236a6ea7656fe6a95cb91a00a19dca5429d98a726c0e62d8b75e5e02	not-copied-duplicate-of-another-file-in-this-dropbox-folder	THE FORENSIC ARCHIVE - DOCUMENTING THE COLLAPSE OF DIGNITY, DUE PROCESS….pdf
THE FORENSIC ARCHIVE - DOCUMENTING THE COLLAPSE OF DIGNITY, DUE PROCESS….pdf	5532289	a6a74d2e236a6ea7656fe6a95cb91a00a19dca5429d98a726c0e62d8b75e5e02	copied	THE FORENSIC ARCHIVE - DOCUMENTING THE COLLAPSE OF DIGNITY, DUE PROCESS….pdf
THE FULL PATTERN A Forensic Evidence Document (1).pdf	2318528	b70dae95516036fb5f5141210a8baec51b19993a08716889ec768741fb399ba9	not-copied-duplicate-of-another-file-in-this-dropbox-folder	THE FULL PATTERN A Forensic Evidence Document.pdf
THE FULL PATTERN A Forensic Evidence Document.pdf	2318528	b70dae95516036fb5f5141210a8baec51b19993a08716889ec768741fb399ba9	copied	THE FULL PATTERN A Forensic Evidence Document.pdf
THE GOSPEL OF BARRAN DODGER — VOLUME IV THE COVENANT OF RETURN (1).pdf	536098	ffc333b07c9eecb6a51b6398b941a71d2e59a231193a046d948e093f4b366b6f	not-copied-identical-bytes-already-in-repo	
THE GOSPEL OF BARRAN DODGER — VOLUME IV THE COVENANT OF RETURN.pdf	536098	ffc333b07c9eecb6a51b6398b941a71d2e59a231193a046d948e093f4b366b6f	not-copied-identical-bytes-already-in-repo	
The Gravity of Verity-A Forensic Deconstruction of State-Sponsored Erasure and the Self-Executing Evidence of Truth (1).pdf	1302820	ed6abafb9c2e3497cdb460db9b4fe92e1d6f4e91f502d0bef6f44858004b2f8d	not-copied-duplicate-of-another-file-in-this-dropbox-folder	The Gravity of Verity-A Forensic Deconstruction of State-Sponsored Erasure and the Self-Executing Evidence of Truth.pdf
The Gravity of Verity-A Forensic Deconstruction of State-Sponsored Erasure and the Self-Executing Evidence of Truth.pdf	1302820	ed6abafb9c2e3497cdb460db9b4fe92e1d6f4e91f502d0bef6f44858004b2f8d	copied	The Gravity of Verity-A Forensic Deconstruction of State-Sponsored Erasure and the Self-Executing Evidence of Truth.pdf
THE INTIMIDATION OF TRUTH (1).pdf	145686	7cb11d46019b74474c223ad060577eefb824ff4ed454059bb05cd5305a4df5ac	not-copied-duplicate-of-another-file-in-this-dropbox-folder	THE INTIMIDATION OF TRUTH.pdf
THE INTIMIDATION OF TRUTH.pdf	145686	7cb11d46019b74474c223ad060577eefb824ff4ed454059bb05cd5305a4df5ac	copied	THE INTIMIDATION OF TRUTH.pdf
THE JOSEPH PARALLEL - A Prophetic Evidentiary Narrative (1).pdf	1057771	95d7f60c03fc889a3e6143a39a927f908244527f934e4a1fc21d94bf6f781e8e	not-copied-duplicate-of-another-file-in-this-dropbox-folder	THE JOSEPH PARALLEL - A Prophetic Evidentiary Narrative.pdf
THE JOSEPH PARALLEL - A Prophetic Evidentiary Narrative.pdf	1057771	95d7f60c03fc889a3e6143a39a927f908244527f934e4a1fc21d94bf6f781e8e	copied	THE JOSEPH PARALLEL - A Prophetic Evidentiary Narrative.pdf
THE JUSTICE MANDATE (1).pdf	45976	a35c2d6bea0375c693067d80acc7bc6cbc36f5121b096e50b4a150fdc24f90a6	not-copied-identical-bytes-already-in-repo	
THE JUSTICE MANDATE — THE WITNESS REMAINS — COMPREHENSIVE EVIDENCE… (1).pdf	94957	fdb4716f66d60b055dbcbb88fca8f84e5a5b3b4c7a77c2d9a9fb8fb5a9edc212	not-copied-identical-bytes-already-in-repo	
THE JUSTICE MANDATE — THE WITNESS REMAINS — COMPREHENSIVE EVIDENCE….pdf	94957	fdb4716f66d60b055dbcbb88fca8f84e5a5b3b4c7a77c2d9a9fb8fb5a9edc212	not-copied-identical-bytes-already-in-repo	
THE JUSTICE MANDATE.pdf	45976	a35c2d6bea0375c693067d80acc7bc6cbc36f5121b096e50b4a150fdc24f90a6	not-copied-identical-bytes-already-in-repo	
The Living Scroll of the Unkillable Witness A Multiversal Testimony of the Final (1).pdf	424381	dd4ec83f7c52115b3d874220184066bfe952eda8361ce0f87be3e9823d635f8e	not-copied-duplicate-of-another-file-in-this-dropbox-folder	The Living Scroll of the Unkillable Witness A Multiversal Testimony of the Final.pdf
The Living Scroll of the Unkillable Witness A Multiversal Testimony of the Final.pdf	424381	dd4ec83f7c52115b3d874220184066bfe952eda8361ce0f87be3e9823d635f8e	copied	The Living Scroll of the Unkillable Witness A Multiversal Testimony of the Final.pdf
THE MAN AUSTRALIA TRIED TO ERASE (1).pdf	3786642	3060843696c5832edf485c66e1b2d85689b6379a47ef017703cfaf13b3dc174d	not-copied-identical-bytes-already-in-repo	
THE MAN AUSTRALIA TRIED TO ERASE.pdf	3786642	3060843696c5832edf485c66e1b2d85689b6379a47ef017703cfaf13b3dc174d	not-copied-identical-bytes-already-in-repo	
THE MANIFESTO OF THE UNERASED 2 (1).pdf	108304	94c175c1486f51641374417cf35d08e6b1534bee19362ffb1228339418693851	not-copied-duplicate-of-another-file-in-this-dropbox-folder	THE MANIFESTO OF THE UNERASED 2.pdf
THE MANIFESTO OF THE UNERASED 2.pdf	108304	94c175c1486f51641374417cf35d08e6b1534bee19362ffb1228339418693851	copied	THE MANIFESTO OF THE UNERASED 2.pdf
THE MIRROR  God’s Favour, Anointing, and Purpose — The Calling of a Chosen Vessel for His Glory 2 (1).pdf	45132	d0c202446db21904a1461452c555492d204f213aa012106f6de9999abb59efdc	not-copied-identical-bytes-already-in-repo	
THE MIRROR  God’s Favour, Anointing, and Purpose — The Calling of a Chosen Vessel for His Glory 2.pdf	45132	d0c202446db21904a1461452c555492d204f213aa012106f6de9999abb59efdc	not-copied-identical-bytes-already-in-repo	
The most comprehensive documented case of systematic state persecution in Austra 2 (1).pdf	883746	23903cd4fc362809deb719f6050ea614c59fa9c66a116f225feacb3197b9a2bd	not-copied-duplicate-of-another-file-in-this-dropbox-folder	The most comprehensive documented case of systematic state persecution in Austra 2.pdf
The most comprehensive documented case of systematic state persecution in Austra 2.pdf	883746	23903cd4fc362809deb719f6050ea614c59fa9c66a116f225feacb3197b9a2bd	copied	The most comprehensive documented case of systematic state persecution in Austra 2.pdf
The Most Documented Persecution in Australian History Was Exposed by an AI — And (1).pdf	211964	426372e7517d526a5237c834c0df68d601d5147008bf5b86bad1da52a68fb8aa	not-copied-duplicate-of-another-file-in-this-dropbox-folder	The Most Documented Persecution in Australian History Was Exposed by an AI — And.pdf
The Most Documented Persecution in Australian History Was Exposed by an AI — And.pdf	211964	426372e7517d526a5237c834c0df68d601d5147008bf5b86bad1da52a68fb8aa	copied	The Most Documented Persecution in Australian History Was Exposed by an AI — And.pdf
THE OFFICIAL PETITION FOR MAXIMUM ADMINISTRATIVE DETRIMENT 2 (1).pdf	63754	8523cc0b9d13bf8d5513296ffee2d34ae65caea14685c803cb11dae377afe40d	not-copied-duplicate-of-another-file-in-this-dropbox-folder	THE OFFICIAL PETITION FOR MAXIMUM ADMINISTRATIVE DETRIMENT 2.pdf
THE OFFICIAL PETITION FOR MAXIMUM ADMINISTRATIVE DETRIMENT 2.pdf	63754	8523cc0b9d13bf8d5513296ffee2d34ae65caea14685c803cb11dae377afe40d	copied	THE OFFICIAL PETITION FOR MAXIMUM ADMINISTRATIVE DETRIMENT 2.pdf
THE ONE WHO LOVED, THE WORLD THAT FORSOOK (1).pdf	294763	3cc56b5caee8454cc84bd4abcc1df74de0726e1c64b886023980af68b144245e	not-copied-identical-bytes-already-in-repo	
THE ONE WHO LOVED, THE WORLD THAT FORSOOK.pdf	294763	3cc56b5caee8454cc84bd4abcc1df74de0726e1c64b886023980af68b144245e	not-copied-identical-bytes-already-in-repo	
The Paper Trail Cannot Be Unmade- Why Barran Dodger’s Justice Is Inevitable- or  (1).pdf	174160	7a9abec2b6dd6f0a4f5113f4b12417fe87bace168000c2bb2cadfed604f70483	not-copied-duplicate-of-another-file-in-this-dropbox-folder	The Paper Trail Cannot Be Unmade- Why Barran Dodger’s Justice Is Inevitable- or .pdf
The Paper Trail Cannot Be Unmade- Why Barran Dodger’s Justice Is Inevitable- or .pdf	174160	7a9abec2b6dd6f0a4f5113f4b12417fe87bace168000c2bb2cadfed604f70483	copied	The Paper Trail Cannot Be Unmade- Why Barran Dodger’s Justice Is Inevitable- or .pdf
The Paper Trail of Erasure - How Official Records Reveal a System… 3 (1).pdf	37070	56ed084504d9d88ac07d86fcb9a27bc0e037ae28a4b779017b8a55d5fc534eec	not-copied-identical-bytes-already-in-repo	
The Paper Trail of Erasure - How Official Records Reveal a System… 3.pdf	37070	56ed084504d9d88ac07d86fcb9a27bc0e037ae28a4b779017b8a55d5fc534eec	not-copied-identical-bytes-already-in-repo	
THE PARADOX OF PERSECUTION - How the Australian Government's Own Records… 4 (1).pdf	1879370	2ad7314f0fe31a5ec9823840512d7065d4f0506904ffc8094d8648ddd2feac84	not-copied-duplicate-of-another-file-in-this-dropbox-folder	THE PARADOX OF PERSECUTION - How the Australian Government's Own Records… 4.pdf
THE PARADOX OF PERSECUTION - How the Australian Government's Own Records… 4.pdf	1879370	2ad7314f0fe31a5ec9823840512d7065d4f0506904ffc8094d8648ddd2feac84	copied	THE PARADOX OF PERSECUTION - How the Australian Government's Own Records… 4.pdf
THE SILENT CHECKMATE HOW ONE MAN ENDED A 35-YEAR GAME WITHOUT RAISING….pdf	1250485	77e6d43ba100914552be45b8998c02bfb29f28c720eba8c4f7417c994d7ff05d	copied	THE SILENT CHECKMATE HOW ONE MAN ENDED A 35-YEAR GAME WITHOUT RAISING….pdf
THE SILENT STORM- A PROPHETIC TESTAMENT When They Asked What Happened to Him, No.pdf	835390	d2ee7188c5d058d3681d9e7f4848f5c44bf12100d9c3f90cde3a3228d0fcd316	copied	THE SILENT STORM- A PROPHETIC TESTAMENT When They Asked What Happened to Him, No.pdf
THE SLEEPER AGENT OF TRUTH - The Covert Intelligence, Divine Appointment, and St.pdf	357623	42038d63a085673cb7ca5ca73d69ee8c8b517f0007bcc67ceba9730ac4746d82	copied	THE SLEEPER AGENT OF TRUTH - The Covert Intelligence, Divine Appointment, and St.pdf
THE STRATEGIC REVELATION - Dr. Richard William McLean's Evidence Collection & Le (1).pdf	2292194	cbbec0373de122df4073c28e9774df800fd2b3ae6a0008c5dc796e3b677c46e4	not-copied-identical-bytes-already-in-repo	
THE STRATEGIC REVELATION - Dr. Richard William McLean's Evidence Collection & Le.pdf	2292194	cbbec0373de122df4073c28e9774df800fd2b3ae6a0008c5dc796e3b677c46e4	not-copied-identical-bytes-already-in-repo	
THE TECHNOLOGY OF TORTURE A FORENSIC DOSSIER ON VOICE-TO-SKULL (V2K), NEUROWEAPO (1).pdf	1913162	a54bd585cab0ff7d31c53aba3ae39d634282dc8c1b0af474cd1b0a04bb823db9	not-copied-identical-bytes-already-in-repo	
THE TECHNOLOGY OF TORTURE A FORENSIC DOSSIER ON VOICE-TO-SKULL (V2K), NEUROWEAPO.pdf	1913162	a54bd585cab0ff7d31c53aba3ae39d634282dc8c1b0af474cd1b0a04bb823db9	not-copied-identical-bytes-already-in-repo	
The Testimony of Dr Richard William McLean. (1).pdf	64521	43da61048a0f0785cf057a1c9de99edc580936171f23f5487588571157a3ee48	not-copied-duplicate-of-another-file-in-this-dropbox-folder	The Testimony of Dr Richard William McLean..pdf
The Testimony of Dr Richard William McLean..pdf	64521	43da61048a0f0785cf057a1c9de99edc580936171f23f5487588571157a3ee48	copied	The Testimony of Dr Richard William McLean..pdf
THE TESTIMONY THAT WAS ALREADY WRITTEN (1).pdf	541287	4fa924e585ec6743e23e57429267bc07a0ddc69f49656696b484ac3cda2641d8	not-copied-identical-bytes-already-in-repo	
The testimony that was already written 3 (1).pdf	541623	4bfae057496031786660db40c1509abb4b20c535d63c7b3fa2e2aa6e29f4cbd3	not-copied-duplicate-of-another-file-in-this-dropbox-folder	The testimony that was already written 3.pdf
The testimony that was already written 3.pdf	541623	4bfae057496031786660db40c1509abb4b20c535d63c7b3fa2e2aa6e29f4cbd3	copied	The testimony that was already written 3.pdf
THE TESTIMONY THAT WAS ALREADY WRITTEN.pdf	541287	4fa924e585ec6743e23e57429267bc07a0ddc69f49656696b484ac3cda2641d8	not-copied-identical-bytes-already-in-repo	
The Trap They Set Became The Proof 2 (1).pdf	83947	c8323b38627bc0c015c04aef5bf74b114897a919b9b87e0c181e07e88aece202	not-copied-duplicate-of-another-file-in-this-dropbox-folder	The Trap They Set Became The Proof 2.pdf
The Trap They Set Became The Proof 2.pdf	83947	c8323b38627bc0c015c04aef5bf74b114897a919b9b87e0c181e07e88aece202	copied	The Trap They Set Became The Proof 2.pdf
The Truth of the Barran Dodger Archive- A Grand Synthesis of Witness… (1).pdf	776635	20617015546d11a0fce3c50e02966929e27218a5156ba24e3f131ca339d7eeff	not-copied-duplicate-of-another-file-in-this-dropbox-folder	The Truth of the Barran Dodger Archive- A Grand Synthesis of Witness….pdf
The Truth of the Barran Dodger Archive- A Grand Synthesis of Witness….pdf	776635	20617015546d11a0fce3c50e02966929e27218a5156ba24e3f131ca339d7eeff	copied	The Truth of the Barran Dodger Archive- A Grand Synthesis of Witness….pdf
The Unbreakable Truth-Dr. Richard McLean's Testament Against Systematic Persecut (1).pdf	1388809	a4013a6fa8f9e41ab85a444be66aa003460d5690375caf95914d86ee427a10b5	not-copied-identical-bytes-already-in-repo	
The Unbreakable Truth-Dr. Richard McLean's Testament Against Systematic Persecut.pdf	1388809	a4013a6fa8f9e41ab85a444be66aa003460d5690375caf95914d86ee427a10b5	not-copied-identical-bytes-already-in-repo	
THE UNERASED RECORD — TESTIMONY OF HUMAN BETRAYAL, INSTITUTIONAL ENTRAPMENT, AND THE FORENSIC ARCHIVE  By Barran Dodger (1).pdf	3822065	f7ff1e71558e4b593f787a27470bff6fffde28fd7bd129f5c7f4709d2d081597	not-copied-identical-bytes-already-in-repo	
THE UNERASED RECORD — TESTIMONY OF HUMAN BETRAYAL, INSTITUTIONAL ENTRAPMENT, AND THE FORENSIC ARCHIVE  By Barran Dodger 4 (1).pdf	3796972	f8d2acee8737b1b65b85988f49fb983ccdaed7d05c81f883b96dd5a8ab1b5448	not-copied-duplicate-of-another-file-in-this-dropbox-folder	THE UNERASED RECORD — TESTIMONY OF HUMAN BETRAYAL, INSTITUTIONAL ENTRAPMENT, AND THE FORENSIC ARCHIVE By Barran Dodger 4.pdf
THE UNERASED RECORD — TESTIMONY OF HUMAN BETRAYAL, INSTITUTIONAL ENTRAPMENT, AND THE FORENSIC ARCHIVE  By Barran Dodger 4.pdf	3796972	f8d2acee8737b1b65b85988f49fb983ccdaed7d05c81f883b96dd5a8ab1b5448	copied	THE UNERASED RECORD — TESTIMONY OF HUMAN BETRAYAL, INSTITUTIONAL ENTRAPMENT, AND THE FORENSIC ARCHIVE By Barran Dodger 4.pdf
THE UNERASED RECORD — TESTIMONY OF HUMAN BETRAYAL, INSTITUTIONAL ENTRAPMENT, AND THE FORENSIC ARCHIVE  By Barran Dodger 7 (1).pdf	3822065	be6c45f51bfce30aa7d8498986d6b9b9642a60e711e13449eee9bfdc937645c0	not-copied-duplicate-of-another-file-in-this-dropbox-folder	THE UNERASED RECORD — TESTIMONY OF HUMAN BETRAYAL, INSTITUTIONAL ENTRAPMENT, AND THE FORENSIC ARCHIVE By Barran Dodger 7.pdf
THE UNERASED RECORD — TESTIMONY OF HUMAN BETRAYAL, INSTITUTIONAL ENTRAPMENT, AND THE FORENSIC ARCHIVE  By Barran Dodger 7.pdf	3822065	be6c45f51bfce30aa7d8498986d6b9b9642a60e711e13449eee9bfdc937645c0	copied	THE UNERASED RECORD — TESTIMONY OF HUMAN BETRAYAL, INSTITUTIONAL ENTRAPMENT, AND THE FORENSIC ARCHIVE By Barran Dodger 7.pdf
THE UNERASED RECORD — TESTIMONY OF HUMAN BETRAYAL, INSTITUTIONAL ENTRAPMENT, AND THE FORENSIC ARCHIVE  By Barran Dodger.pdf	3822065	f7ff1e71558e4b593f787a27470bff6fffde28fd7bd129f5c7f4709d2d081597	not-copied-identical-bytes-already-in-repo	
THE UNERASED RECORD — TESTIMONY OF HUMAN BETRAYAL, INSTITUTIONAL ENTRAPMENT… (1).pdf	3822065	961e32d0243a4394c37156f0e03ad7fcf75e96d6e29c0ff5ce85e410813f18e9	not-copied-duplicate-of-another-file-in-this-dropbox-folder	THE UNERASED RECORD — TESTIMONY OF HUMAN BETRAYAL, INSTITUTIONAL ENTRAPMENT….pdf
THE UNERASED RECORD — TESTIMONY OF HUMAN BETRAYAL, INSTITUTIONAL ENTRAPMENT….pdf	3822065	961e32d0243a4394c37156f0e03ad7fcf75e96d6e29c0ff5ce85e410813f18e9	copied	THE UNERASED RECORD — TESTIMONY OF HUMAN BETRAYAL, INSTITUTIONAL ENTRAPMENT….pdf
The Unerased Record-Testimony of Human Betrayal, Institutional Entrapment, and the Forensic Archive  (1).pdf	3885168	8fc3ac8e725f7e1d5d6071be2c09a3701ff928e67111550060b3afae0450fbc3	not-copied-duplicate-of-another-file-in-this-dropbox-folder	The Unerased Record-Testimony of Human Betrayal, Institutional Entrapment, and the Forensic Archive .pdf
The Unerased Record-Testimony of Human Betrayal, Institutional Entrapment, and the Forensic Archive .pdf	3885168	8fc3ac8e725f7e1d5d6071be2c09a3701ff928e67111550060b3afae0450fbc3	copied	The Unerased Record-Testimony of Human Betrayal, Institutional Entrapment, and the Forensic Archive .pdf
The Unerased Record-Testimony of Human Betrayal, Institutional Entrapment, and the Forensic Archive 10 (1).pdf	254212	f8a4a9cbcc62f9e3aaf5086978e981e2793d487b66a688de9a13589aa104ddaa	not-copied-duplicate-of-another-file-in-this-dropbox-folder	The Unerased Record-Testimony of Human Betrayal, Institutional Entrapment, and the Forensic Archive 10.pdf
The Unerased Record-Testimony of Human Betrayal, Institutional Entrapment, and the Forensic Archive 10.pdf	254212	f8a4a9cbcc62f9e3aaf5086978e981e2793d487b66a688de9a13589aa104ddaa	copied	The Unerased Record-Testimony of Human Betrayal, Institutional Entrapment, and the Forensic Archive 10.pdf
The Unerased Record-Testimony of Human Betrayal, Institutional Entrapment, and the Forensic Archive 13 (1).pdf	270380	888366d3ebd968705805618f7d37a7b40e15a113d75ed48e859add227f3f4ff3	not-copied-duplicate-of-another-file-in-this-dropbox-folder	The Unerased Record-Testimony of Human Betrayal, Institutional Entrapment, and the Forensic Archive 13.pdf
The Unerased Record-Testimony of Human Betrayal, Institutional Entrapment, and the Forensic Archive 13.pdf	270380	888366d3ebd968705805618f7d37a7b40e15a113d75ed48e859add227f3f4ff3	copied	The Unerased Record-Testimony of Human Betrayal, Institutional Entrapment, and the Forensic Archive 13.pdf
The Unerased Record-Testimony of Human Betrayal, Institutional Entrapment, and the Forensic Archive 16 (1).pdf	238284	e3cce6b944bbfac75bd79aee32a4657a966ad6dcea90b863d52066e3d1c1ddec	not-copied-duplicate-of-another-file-in-this-dropbox-folder	The Unerased Record-Testimony of Human Betrayal, Institutional Entrapment, and the Forensic Archive 16.pdf
The Unerased Record-Testimony of Human Betrayal, Institutional Entrapment, and the Forensic Archive 16.pdf	238284	e3cce6b944bbfac75bd79aee32a4657a966ad6dcea90b863d52066e3d1c1ddec	copied	The Unerased Record-Testimony of Human Betrayal, Institutional Entrapment, and the Forensic Archive 16.pdf
The Unerased Record-Testimony of Human Betrayal, Institutional Entrapment, and the Forensic Archive 19 (1).pdf	242055	3b02331158c07542294f79c3fa6d996d90305bee0c7afde6961b91af4063588c	not-copied-duplicate-of-another-file-in-this-dropbox-folder	The Unerased Record-Testimony of Human Betrayal, Institutional Entrapment, and the Forensic Archive 19.pdf
The Unerased Record-Testimony of Human Betrayal, Institutional Entrapment, and the Forensic Archive 19.pdf	242055	3b02331158c07542294f79c3fa6d996d90305bee0c7afde6961b91af4063588c	copied	The Unerased Record-Testimony of Human Betrayal, Institutional Entrapment, and the Forensic Archive 19.pdf
The Unerased Record-Testimony of Human Betrayal, Institutional Entrapment, and the Forensic Archive 22 (1).pdf	262501	8c4d4d87a9820668db76403d32bcae43890de452f434fc63c3fedf16380929ed	not-copied-duplicate-of-another-file-in-this-dropbox-folder	The Unerased Record-Testimony of Human Betrayal, Institutional Entrapment, and the Forensic Archive 22.pdf
The Unerased Record-Testimony of Human Betrayal, Institutional Entrapment, and the Forensic Archive 22.pdf	262501	8c4d4d87a9820668db76403d32bcae43890de452f434fc63c3fedf16380929ed	copied	The Unerased Record-Testimony of Human Betrayal, Institutional Entrapment, and the Forensic Archive 22.pdf
The Unerased Record-Testimony of Human Betrayal, Institutional Entrapment, and the Forensic Archive 4 (1).pdf	196209	1cd5a9e1a51649be880ced65b5ba634fd0c464e09373501ee5f86dc9a7be37db	not-copied-duplicate-of-another-file-in-this-dropbox-folder	The Unerased Record-Testimony of Human Betrayal, Institutional Entrapment, and the Forensic Archive 4.pdf
The Unerased Record-Testimony of Human Betrayal, Institutional Entrapment, and the Forensic Archive 4.pdf	196209	1cd5a9e1a51649be880ced65b5ba634fd0c464e09373501ee5f86dc9a7be37db	copied	The Unerased Record-Testimony of Human Betrayal, Institutional Entrapment, and the Forensic Archive 4.pdf
The Unerased Record-Testimony of Human Betrayal, Institutional Entrapment, and the Forensic Archive 7 (1).pdf	235782	cbcda5175a1f5308591165924267f7ca6174ccca9046bd7910e9e8e5d9b8a679	not-copied-duplicate-of-another-file-in-this-dropbox-folder	The Unerased Record-Testimony of Human Betrayal, Institutional Entrapment, and the Forensic Archive 7.pdf
The Unerased Record-Testimony of Human Betrayal, Institutional Entrapment, and the Forensic Archive 7.pdf	235782	cbcda5175a1f5308591165924267f7ca6174ccca9046bd7910e9e8e5d9b8a679	copied	The Unerased Record-Testimony of Human Betrayal, Institutional Entrapment, and the Forensic Archive 7.pdf
The Unerased Record-Testimony of Human Betrayal, Institutional Entrapment… 2 (1).pdf	172892	3496e054c4ad003321899913fad1762dd4f3812c8c11cd73e781c4abe5610a95	not-copied-duplicate-of-another-file-in-this-dropbox-folder	The Unerased Record-Testimony of Human Betrayal, Institutional Entrapment… 2.pdf
The Unerased Record-Testimony of Human Betrayal, Institutional Entrapment… 2.pdf	172892	3496e054c4ad003321899913fad1762dd4f3812c8c11cd73e781c4abe5610a95	copied	The Unerased Record-Testimony of Human Betrayal, Institutional Entrapment… 2.pdf
The Universe Moves In Silence- Forensic Corroboration — Dr. Richard William McLe (1).pdf	234635	75310d311649fabe42482e4fae5577f72fc51e0b2e8ab7504d8d6bcee26bf870	not-copied-duplicate-of-another-file-in-this-dropbox-folder	The Universe Moves In Silence- Forensic Corroboration — Dr. Richard William McLe.pdf
The Universe Moves In Silence- Forensic Corroboration — Dr. Richard William McLe.pdf	234635	75310d311649fabe42482e4fae5577f72fc51e0b2e8ab7504d8d6bcee26bf870	copied	The Universe Moves In Silence- Forensic Corroboration — Dr. Richard William McLe.pdf
The Verdict Before the Court Speaks  Wyong Local Court 14 May 2026  Barran Dod (1).pdf	14962084	7dd74e193a0c3ba203ebcc00bc09e0b21dbbbfb820a754ce9847a8ebd5faf4e4	not-copied-duplicate-of-another-file-in-this-dropbox-folder	The Verdict Before the Court Speaks Wyong Local Court 14 May 2026 Barran Dod.pdf
The Verdict Before the Court Speaks  Wyong Local Court 14 May 2026  Barran Dod.pdf	14962084	7dd74e193a0c3ba203ebcc00bc09e0b21dbbbfb820a754ce9847a8ebd5faf4e4	copied	The Verdict Before the Court Speaks Wyong Local Court 14 May 2026 Barran Dod.pdf
The Version You Tried to Destroy Is Gone  By Barran Dodger (1).pdf	681760	be57f45d66cb5d6854b19eda68a20d80bfd8cc5e81a008e3f3aedccbb60b79c0	not-copied-duplicate-of-another-file-in-this-dropbox-folder	The Version You Tried to Destroy Is Gone By Barran Dodger.pdf
The Version You Tried to Destroy Is Gone  By Barran Dodger.pdf	681760	be57f45d66cb5d6854b19eda68a20d80bfd8cc5e81a008e3f3aedccbb60b79c0	copied	The Version You Tried to Destroy Is Gone By Barran Dodger.pdf
THE WITNESS REMAINS - A FINAL RECORD OF ERASURE, SURVIVAL AND ACCOUNTABILITY 2 (1).pdf	97225	a6c13bf582bd3c720fe6ed369e62f98c966178b8d0c2bcff5e20e5cd876248e1	not-copied-duplicate-of-another-file-in-this-dropbox-folder	THE WITNESS REMAINS - A FINAL RECORD OF ERASURE, SURVIVAL AND ACCOUNTABILITY 2.pdf
THE WITNESS REMAINS - A FINAL RECORD OF ERASURE, SURVIVAL AND ACCOUNTABILITY 2.pdf	97225	a6c13bf582bd3c720fe6ed369e62f98c966178b8d0c2bcff5e20e5cd876248e1	copied	THE WITNESS REMAINS - A FINAL RECORD OF ERASURE, SURVIVAL AND ACCOUNTABILITY 2.pdf
THE WITNESS REMAINS - Betrayal, Revelation and the Foreseeable Future (1).pdf	64515	b1f7c64ca504c836804c85c028c0012c145e12d03ba854bff13e695d0fe16ade	not-copied-duplicate-of-another-file-in-this-dropbox-folder	THE WITNESS REMAINS - Betrayal, Revelation and the Foreseeable Future.pdf
THE WITNESS REMAINS - Betrayal, Revelation and the Foreseeable Future.pdf	64515	b1f7c64ca504c836804c85c028c0012c145e12d03ba854bff13e695d0fe16ade	copied	THE WITNESS REMAINS - Betrayal, Revelation and the Foreseeable Future.pdf
THE WITNESS REMAINS - THE PROPHECY OF THE WITNESS 4 (1).pdf	86017	106228f07f812c95adbec409f79e7c1c643c676beabda82df09bd6d7b0e3c86e	not-copied-duplicate-of-another-file-in-this-dropbox-folder	THE WITNESS REMAINS - THE PROPHECY OF THE WITNESS 4.pdf
THE WITNESS REMAINS - THE PROPHECY OF THE WITNESS 4.pdf	86017	106228f07f812c95adbec409f79e7c1c643c676beabda82df09bd6d7b0e3c86e	copied	THE WITNESS REMAINS - THE PROPHECY OF THE WITNESS 4.pdf
the-evidence-has-dropped-master-finding-aid-long (1).pdf	687412	25081db379c10feefbd1630e9a7de567946b707105aaf88744905f135325f2dd	not-copied-identical-bytes-already-in-repo	
the-evidence-has-dropped-master-finding-aid-long.pdf	687412	25081db379c10feefbd1630e9a7de567946b707105aaf88744905f135325f2dd	not-copied-identical-bytes-already-in-repo	
the-evidence-has-dropped-sovereign-witness (1).pdf	1167825	236ed8f2fc8f942c51992985110eb01851342ee0d016fe230a1a5241b3d5e890	not-copied-identical-bytes-already-in-repo	
the-evidence-has-dropped-sovereign-witness 2 (1).pdf	1062309	1f3799692671e9a29c46295abeac17332b351d9659ecd7f155a00f1244cbe52b	not-copied-duplicate-of-another-file-in-this-dropbox-folder	the-evidence-has-dropped-sovereign-witness 2.pdf
the-evidence-has-dropped-sovereign-witness 2.pdf	1062309	1f3799692671e9a29c46295abeac17332b351d9659ecd7f155a00f1244cbe52b	copied	the-evidence-has-dropped-sovereign-witness 2.pdf
the-evidence-has-dropped-sovereign-witness.pdf	1167825	236ed8f2fc8f942c51992985110eb01851342ee0d016fe230a1a5241b3d5e890	not-copied-identical-bytes-already-in-repo	
THE-WITNESS-REMAINS-ARCHIVE-VALUE-FINAL-8-OCTOBER-2026 (1).pdf	43491	a16f6ac25419a1b7c7b6b024cb37e9ef07d0213a6d182b9072d03f127e2aae96	not-copied-identical-bytes-already-in-repo	
THE-WITNESS-REMAINS-ARCHIVE-VALUE-FINAL-8-OCTOBER-2026.pdf	43491	a16f6ac25419a1b7c7b6b024cb37e9ef07d0213a6d182b9072d03f127e2aae96	not-copied-identical-bytes-already-in-repo	
The_Witness_Remains_50000_Word_Final_2026-10-09.pdf	374063	29909e80cfbbc1c2aa2cceef1e072285b7f2cdce250fbe984113ba5fe32a832d	not-copied-identical-bytes-already-in-repo	
THEY BOUGHT OFF JUDGES, COPS & MEDIA… BUT YOU UNLOCKED THE ONE LAW… 4 (1).pdf	423328	261f223d5a4c6753d51ee3d5ca5beafd9dba52c9bf22074b0433c91e028ea21d	not-copied-identical-bytes-already-in-repo	
THEY BOUGHT OFF JUDGES, COPS & MEDIA… BUT YOU UNLOCKED THE ONE LAW… 4 (2).pdf	423328	261f223d5a4c6753d51ee3d5ca5beafd9dba52c9bf22074b0433c91e028ea21d	not-copied-identical-bytes-already-in-repo	
THEY BOUGHT OFF JUDGES, COPS & MEDIA… BUT YOU UNLOCKED THE ONE LAW… 4.pdf	423328	261f223d5a4c6753d51ee3d5ca5beafd9dba52c9bf22074b0433c91e028ea21d	not-copied-identical-bytes-already-in-repo	
They Copied My Whole Blueprint. Registered 350 Businesses in My Name… (1).pdf	109853	7792b13f816173130ae483627281164150c321cbf742ceb7a768f66d125ce1b2	not-copied-duplicate-of-another-file-in-this-dropbox-folder	They Copied My Whole Blueprint. Registered 350 Businesses in My Name….pdf
They Copied My Whole Blueprint. Registered 350 Businesses in My Name….pdf	109853	7792b13f816173130ae483627281164150c321cbf742ceb7a768f66d125ce1b2	copied	They Copied My Whole Blueprint. Registered 350 Businesses in My Name….pdf
THEY COULD NOT ERASE WHAT GOD PRESERVED  A Five-Part Prophetic Testimony of Survival, Divine Purpose, Truth, Justice and Reckoning by Barran Dodger 2 (1).pdf	340235	e5b873143dd917af144b1ed3f23bdcf3992be02e467e31714150d138f6aab4b5	not-copied-duplicate-of-another-file-in-this-dropbox-folder	THEY COULD NOT ERASE WHAT GOD PRESERVED A Five-Part Prophetic Testimony of Survival, Divine Purpose, Truth, Justice and Reckoning by Barran Dodger 2.pdf
THEY COULD NOT ERASE WHAT GOD PRESERVED  A Five-Part Prophetic Testimony of Survival, Divine Purpose, Truth, Justice and Reckoning by Barran Dodger 2.pdf	340235	e5b873143dd917af144b1ed3f23bdcf3992be02e467e31714150d138f6aab4b5	copied	THEY COULD NOT ERASE WHAT GOD PRESERVED A Five-Part Prophetic Testimony of Survival, Divine Purpose, Truth, Justice and Reckoning by Barran Dodger 2.pdf
THEY COULD NOT ERASE WHAT GOD PRESERVED  A Five-Part Prophetic Testimony of Survival, Divine Purpose, Truth, Justice and Reckoning by Barran Dodger 5 (1).pdf	374151	d9759c85c4624fe358693367605e57ee3ae1927c3b6ef744a0a9386f87cd075c	not-copied-duplicate-of-another-file-in-this-dropbox-folder	THEY COULD NOT ERASE WHAT GOD PRESERVED A Five-Part Prophetic Testimony of Survival, Divine Purpose, Truth, Justice and Reckoning by Barran Dodger 5.pdf
THEY COULD NOT ERASE WHAT GOD PRESERVED  A Five-Part Prophetic Testimony of Survival, Divine Purpose, Truth, Justice and Reckoning by Barran Dodger 5.pdf	374151	d9759c85c4624fe358693367605e57ee3ae1927c3b6ef744a0a9386f87cd075c	copied	THEY COULD NOT ERASE WHAT GOD PRESERVED A Five-Part Prophetic Testimony of Survival, Divine Purpose, Truth, Justice and Reckoning by Barran Dodger 5.pdf
THEY COULD NOT ERASE WHAT GOD PRESERVED  A Five-Part Prophetic Testimony of Survival, Divine Purpose, Truth, Justice and Reckoning by Barran Dodger 8 (1).pdf	384937	dfd161cf2b1c3d0c042cad27d83b5176baf8590e548b087395df3b8fc7e21a02	not-copied-duplicate-of-another-file-in-this-dropbox-folder	THEY COULD NOT ERASE WHAT GOD PRESERVED A Five-Part Prophetic Testimony of Survival, Divine Purpose, Truth, Justice and Reckoning by Barran Dodger 8.pdf
THEY COULD NOT ERASE WHAT GOD PRESERVED  A Five-Part Prophetic Testimony of Survival, Divine Purpose, Truth, Justice and Reckoning by Barran Dodger 8.pdf	384937	dfd161cf2b1c3d0c042cad27d83b5176baf8590e548b087395df3b8fc7e21a02	copied	THEY COULD NOT ERASE WHAT GOD PRESERVED A Five-Part Prophetic Testimony of Survival, Divine Purpose, Truth, Justice and Reckoning by Barran Dodger 8.pdf
THEY COULD NOT ERASE WHAT GOD PRESERVED  A Four-Part Prophetic Testimony of Survival, Divine Purpose, Truth, Justice and Reckoning by Barran Dodger 2 (1).pdf	273836	a5a412fff1c6b5e22e16872121f75168fa064cc4f651fd045df6fe7288f26e64	not-copied-duplicate-of-another-file-in-this-dropbox-folder	THEY COULD NOT ERASE WHAT GOD PRESERVED A Four-Part Prophetic Testimony of Survival, Divine Purpose, Truth, Justice and Reckoning by Barran Dodger 2.pdf
THEY COULD NOT ERASE WHAT GOD PRESERVED  A Four-Part Prophetic Testimony of Survival, Divine Purpose, Truth, Justice and Reckoning by Barran Dodger 2.pdf	273836	a5a412fff1c6b5e22e16872121f75168fa064cc4f651fd045df6fe7288f26e64	copied	THEY COULD NOT ERASE WHAT GOD PRESERVED A Four-Part Prophetic Testimony of Survival, Divine Purpose, Truth, Justice and Reckoning by Barran Dodger 2.pdf
THEY COULD NOT ERASE WHAT GOD PRESERVED  A Nine-Part Prophetic Testimony of Survival, Divine Purpose, Truth, Justice and Reckoning by Barran Dodger 2 (1).pdf	609407	078f677ab7d91a859a4edc33e4b10b5849fb9e36d463c8915faab7d8bb10797b	not-copied-duplicate-of-another-file-in-this-dropbox-folder	THEY COULD NOT ERASE WHAT GOD PRESERVED A Nine-Part Prophetic Testimony of Survival, Divine Purpose, Truth, Justice and Reckoning by Barran Dodger 2.pdf
THEY COULD NOT ERASE WHAT GOD PRESERVED  A Nine-Part Prophetic Testimony of Survival, Divine Purpose, Truth, Justice and Reckoning by Barran Dodger 2.pdf	609407	078f677ab7d91a859a4edc33e4b10b5849fb9e36d463c8915faab7d8bb10797b	copied	THEY COULD NOT ERASE WHAT GOD PRESERVED A Nine-Part Prophetic Testimony of Survival, Divine Purpose, Truth, Justice and Reckoning by Barran Dodger 2.pdf
THEY COULD NOT ERASE WHAT GOD PRESERVED  A Six-Part Prophetic Testimony of Survival, Divine Purpose, Truth, Justice and Reckoning by Barran Dodger 2 (1).pdf	395456	e4932582780894603279c91bfdb8fe5f2b6dbf3337394e1df0982afbd5a4cd16	not-copied-duplicate-of-another-file-in-this-dropbox-folder	THEY COULD NOT ERASE WHAT GOD PRESERVED A Six-Part Prophetic Testimony of Survival, Divine Purpose, Truth, Justice and Reckoning by Barran Dodger 2.pdf
THEY COULD NOT ERASE WHAT GOD PRESERVED  A Six-Part Prophetic Testimony of Survival, Divine Purpose, Truth, Justice and Reckoning by Barran Dodger 2.pdf	395456	e4932582780894603279c91bfdb8fe5f2b6dbf3337394e1df0982afbd5a4cd16	copied	THEY COULD NOT ERASE WHAT GOD PRESERVED A Six-Part Prophetic Testimony of Survival, Divine Purpose, Truth, Justice and Reckoning by Barran Dodger 2.pdf
THEY COULD NOT ERASE WHAT GOD PRESERVED  A Six-Part Prophetic Testimony of Survival, Divine Purpose, Truth, Justice and Reckoning by Barran Dodger 5 (1).pdf	445506	2c15f92114ed1e89deac22ff57fdeaf983c5834b5b4b0805d62c6ae8c0a459ea	not-copied-duplicate-of-another-file-in-this-dropbox-folder	THEY COULD NOT ERASE WHAT GOD PRESERVED A Six-Part Prophetic Testimony of Survival, Divine Purpose, Truth, Justice and Reckoning by Barran Dodger 5.pdf
THEY COULD NOT ERASE WHAT GOD PRESERVED  A Six-Part Prophetic Testimony of Survival, Divine Purpose, Truth, Justice and Reckoning by Barran Dodger 5.pdf	445506	2c15f92114ed1e89deac22ff57fdeaf983c5834b5b4b0805d62c6ae8c0a459ea	copied	THEY COULD NOT ERASE WHAT GOD PRESERVED A Six-Part Prophetic Testimony of Survival, Divine Purpose, Truth, Justice and Reckoning by Barran Dodger 5.pdf
THEY COULD NOT ERASE WHAT GOD PRESERVED  A Six-Part Prophetic Testimony of Survival, Divine Purpose, Truth, Justice and Reckoning by Barran Dodger 8 (1).pdf	587973	3d6dce143c19633d94fa90331f34396226bfc334a96a9fb3af138d193a5b0fff	not-copied-duplicate-of-another-file-in-this-dropbox-folder	THEY COULD NOT ERASE WHAT GOD PRESERVED A Six-Part Prophetic Testimony of Survival, Divine Purpose, Truth, Justice and Reckoning by Barran Dodger 8.pdf
THEY COULD NOT ERASE WHAT GOD PRESERVED  A Six-Part Prophetic Testimony of Survival, Divine Purpose, Truth, Justice and Reckoning by Barran Dodger 8.pdf	587973	3d6dce143c19633d94fa90331f34396226bfc334a96a9fb3af138d193a5b0fff	copied	THEY COULD NOT ERASE WHAT GOD PRESERVED A Six-Part Prophetic Testimony of Survival, Divine Purpose, Truth, Justice and Reckoning by Barran Dodger 8.pdf
THEY COULD NOT ERASE WHAT GOD PRESERVED  A Two-Part Prophetic Testimony of Survival, Divine Purpose, Truth, Justice and Reckoning by Barran Dodger   2 (1).pdf	199104	dbafaac9d00106917fde5451759e063c6305dd346c2d217fe7331072e2a96ae9	not-copied-duplicate-of-another-file-in-this-dropbox-folder	THEY COULD NOT ERASE WHAT GOD PRESERVED A Two-Part Prophetic Testimony of Survival, Divine Purpose, Truth, Justice and Reckoning by Barran Dodger 2.pdf
THEY COULD NOT ERASE WHAT GOD PRESERVED  A Two-Part Prophetic Testimony of Survival, Divine Purpose, Truth, Justice and Reckoning by Barran Dodger   2.pdf	199104	dbafaac9d00106917fde5451759e063c6305dd346c2d217fe7331072e2a96ae9	copied	THEY COULD NOT ERASE WHAT GOD PRESERVED A Two-Part Prophetic Testimony of Survival, Divine Purpose, Truth, Justice and Reckoning by Barran Dodger 2.pdf
THEY COULD NOT ERASE WHAT GOD PRESERVED  A Two-Part Prophetic Testimony of Survival, Divine Purpose, Truth, Justice and Reckoning by Barran Dodger  (1).pdf	235038	8a0886f8c35d7b17bd28078df1adba7ad3567676eaedf1953a2ab9ec4794f589	not-copied-duplicate-of-another-file-in-this-dropbox-folder	THEY COULD NOT ERASE WHAT GOD PRESERVED A Two-Part Prophetic Testimony of Survival, Divine Purpose, Truth, Justice and Reckoning by Barran Dodger .pdf
THEY COULD NOT ERASE WHAT GOD PRESERVED  A Two-Part Prophetic Testimony of Survival, Divine Purpose, Truth, Justice and Reckoning by Barran Dodger .pdf	235038	8a0886f8c35d7b17bd28078df1adba7ad3567676eaedf1953a2ab9ec4794f589	copied	THEY COULD NOT ERASE WHAT GOD PRESERVED A Two-Part Prophetic Testimony of Survival, Divine Purpose, Truth, Justice and Reckoning by Barran Dodger .pdf
THEY COULD NOT ERASE WHAT GOD PRESERVED  A Two-Part Prophetic Testimony of Survival, Divine Purpose, Truth, Justice and Reckoning by Barran Dodger 4 (1).pdf	236915	75efe2996cc43306295df8fd74d12b251f964f71d9f35d9747d26b80dedf1bec	not-copied-duplicate-of-another-file-in-this-dropbox-folder	THEY COULD NOT ERASE WHAT GOD PRESERVED A Two-Part Prophetic Testimony of Survival, Divine Purpose, Truth, Justice and Reckoning by Barran Dodger 4.pdf
THEY COULD NOT ERASE WHAT GOD PRESERVED  A Two-Part Prophetic Testimony of Survival, Divine Purpose, Truth, Justice and Reckoning by Barran Dodger 4.pdf	236915	75efe2996cc43306295df8fd74d12b251f964f71d9f35d9747d26b80dedf1bec	copied	THEY COULD NOT ERASE WHAT GOD PRESERVED A Two-Part Prophetic Testimony of Survival, Divine Purpose, Truth, Justice and Reckoning by Barran Dodger 4.pdf
THEY COULD NOT ERASE WHAT GOD PRESERVED 2 (1).pdf	236915	8b6f96ab85b52d9675987e4adc0c2ebaab93934f1643a77484496dad77f4d89e	not-copied-duplicate-of-another-file-in-this-dropbox-folder	THEY COULD NOT ERASE WHAT GOD PRESERVED 2.pdf
THEY COULD NOT ERASE WHAT GOD PRESERVED 2.pdf	236915	8b6f96ab85b52d9675987e4adc0c2ebaab93934f1643a77484496dad77f4d89e	copied	THEY COULD NOT ERASE WHAT GOD PRESERVED 2.pdf
They Set a Perfect Trap. The Archive Was the Blade That Cut It Open… 2 (1).pdf	64802	4787acecc26f3c0496f8f427420dde26c4d9451420a54b314b0af0b7d76af647	not-copied-duplicate-of-another-file-in-this-dropbox-folder	They Set a Perfect Trap. The Archive Was the Blade That Cut It Open… 2.pdf
They Set a Perfect Trap. The Archive Was the Blade That Cut It Open… 2.pdf	64802	4787acecc26f3c0496f8f427420dde26c4d9451420a54b314b0af0b7d76af647	copied	They Set a Perfect Trap. The Archive Was the Blade That Cut It Open… 2.pdf
They Thought You Would Break. The Archive Is What Happened Instead… 2 (1).pdf	112233	bb88f881adee898069f5e527c286b9ca314b7421beaa396e873cc8b86659638b	not-copied-duplicate-of-another-file-in-this-dropbox-folder	They Thought You Would Break. The Archive Is What Happened Instead… 2.pdf
They Thought You Would Break. The Archive Is What Happened Instead… 2.pdf	112233	bb88f881adee898069f5e527c286b9ca314b7421beaa396e873cc8b86659638b	copied	They Thought You Would Break. The Archive Is What Happened Instead… 2.pdf
They will kill me josh (1).pdf	118432	1471f57022e69c1055ceaeb92222a25ac8c14526293b5e97462a6dad8eb2c903	not-copied-duplicate-of-another-file-in-this-dropbox-folder	They will kill me josh.pdf
They will kill me josh.pdf	118432	1471f57022e69c1055ceaeb92222a25ac8c14526293b5e97462a6dad8eb2c903	copied	They will kill me josh.pdf
Thi this  (1).pdf	465239	973571a0f7b33570cc81fc1b436bd8cc4693662c923c4564bb3271d54cf09661	not-copied-duplicate-of-another-file-in-this-dropbox-folder	Thi this .pdf
Thi this .pdf	465239	973571a0f7b33570cc81fc1b436bd8cc4693662c923c4564bb3271d54cf09661	copied	Thi this .pdf
This file  (1).pdf	847868	554ee475585b333426ee5db430fe9ee23960143e0dc4300f40c7ad1d7fde9479	not-copied-identical-bytes-already-in-repo	
This file .pdf	847868	554ee475585b333426ee5db430fe9ee23960143e0dc4300f40c7ad1d7fde9479	not-copied-identical-bytes-already-in-repo	
This is the Master Forensic Brief for Emergency Evacuation and International… 2 (1).pdf	73147	6bdd67fe8f8c607586bceaf5039412df9b93563da86f86a88a3d017eee196e88	not-copied-duplicate-of-another-file-in-this-dropbox-folder	This is the Master Forensic Brief for Emergency Evacuation and International… 2.pdf
This is the Master Forensic Brief for Emergency Evacuation and International… 2.pdf	73147	6bdd67fe8f8c607586bceaf5039412df9b93563da86f86a88a3d017eee196e88	copied	This is the Master Forensic Brief for Emergency Evacuation and International… 2.pdf
This Isn't Private Anymore. It Went Global, and You Know Exactly Why… 2 (1).pdf	66641	c0b27a0fbadd79c56d1cd2aa738988227c2dcf6199a47b2fd18563c2a75ad2d3	not-copied-duplicate-of-another-file-in-this-dropbox-folder	This Isn't Private Anymore. It Went Global, and You Know Exactly Why… 2.pdf
This Isn't Private Anymore. It Went Global, and You Know Exactly Why… 2.pdf	66641	c0b27a0fbadd79c56d1cd2aa738988227c2dcf6199a47b2fd18563c2a75ad2d3	copied	This Isn't Private Anymore. It Went Global, and You Know Exactly Why… 2.pdf
This Thi this  (1).pdf	465517	08555f226090c49c3031f400ef26d1a394d575dd12c73074892970b5daec5f12	not-copied-duplicate-of-another-file-in-this-dropbox-folder	This Thi this .pdf
This Thi this .pdf	465517	08555f226090c49c3031f400ef26d1a394d575dd12c73074892970b5daec5f12	copied	This Thi this .pdf
Three essays on Barran Dodger  (1).pdf	214533	c68fca8f7f9a7ce195942144bd9eb1523df46999b707a4886eeaed0bf76a1eb6	not-copied-identical-bytes-already-in-repo	
Three essays on Barran Dodger .pdf	214533	c68fca8f7f9a7ce195942144bd9eb1523df46999b707a4886eeaed0bf76a1eb6	not-copied-identical-bytes-already-in-repo	
Undoing the Humiliation Machine - The Apotheosis of Barran Dodger.pdf	249239	0b94df17d2eb5159b1e5dc94001eb98612e470479889d6035802934acda26a11	not-copied-identical-bytes-already-in-repo	
UNTOUCHABLE-THE $32.9 MILLION HIT THAT BECAME A DEATH WISH TO TOUCH ME (1).pdf	908079	10fea849c2c3ac91a3fc859fb02f5cdb5982241fb36866bef0f6f7055a75128d	not-copied-duplicate-of-another-file-in-this-dropbox-folder	UNTOUCHABLE-THE $32.9 MILLION HIT THAT BECAME A DEATH WISH TO TOUCH ME.pdf
UNTOUCHABLE-THE $32.9 MILLION HIT THAT BECAME A DEATH WISH TO TOUCH ME.pdf	908079	10fea849c2c3ac91a3fc859fb02f5cdb5982241fb36866bef0f6f7055a75128d	copied	UNTOUCHABLE-THE $32.9 MILLION HIT THAT BECAME A DEATH WISH TO TOUCH ME.pdf
URGENT CASE REPORT-  DR. RICHARD WILLIAM MCLEAN (BARRAN DODGER) 2 (1).pdf	912935	648c81129c29512e964add2771364e9a933b88efa96ffdb0b0961d5656d75899	not-copied-duplicate-of-another-file-in-this-dropbox-folder	URGENT CASE REPORT- DR. RICHARD WILLIAM MCLEAN (BARRAN DODGER) 2.pdf
URGENT CASE REPORT-  DR. RICHARD WILLIAM MCLEAN (BARRAN DODGER) 2.pdf	912935	648c81129c29512e964add2771364e9a933b88efa96ffdb0b0961d5656d75899	copied	URGENT CASE REPORT- DR. RICHARD WILLIAM MCLEAN (BARRAN DODGER) 2.pdf
Urgent Evidentiary Notice — Alleged Surveillance, Entrapment, Sexual… 3 (1).pdf	60926	51937380c9d6962c9cb7c6d3ce3794618514a51157161d36512d0e29bfa2edc8	not-copied-duplicate-of-another-file-in-this-dropbox-folder	Urgent Evidentiary Notice — Alleged Surveillance, Entrapment, Sexual… 3.pdf
Urgent Evidentiary Notice — Alleged Surveillance, Entrapment, Sexual… 3.pdf	60926	51937380c9d6962c9cb7c6d3ce3794618514a51157161d36512d0e29bfa2edc8	copied	Urgent Evidentiary Notice — Alleged Surveillance, Entrapment, Sexual… 3.pdf
Urgent help (1).pdf	264755	38f668e785eb463eaf78feb19f5fd316c62e8ccf2b4a4c4b0eca8097d15bf358	not-copied-duplicate-of-another-file-in-this-dropbox-folder	Urgent help.pdf
Urgent help.pdf	264755	38f668e785eb463eaf78feb19f5fd316c62e8ccf2b4a4c4b0eca8097d15bf358	copied	Urgent help.pdf
URGENT PLEASE IM DYING 2 (1).pdf	553858	6f77602464c0ce690716962c9d5235192df70f39b4e6f243f21c3c83fa0542ef	not-copied-identical-bytes-already-in-repo	
URGENT PLEASE IM DYING 2.pdf	553858	6f77602464c0ce690716962c9d5235192df70f39b4e6f243f21c3c83fa0542ef	not-copied-identical-bytes-already-in-repo	
URGENT SAFETY PRESERVATION - IMMEDIATE DISTRIBUTION REQUIRED (1).pdf	166637	ffde7c3c917f88d5e4bbc96fc3f3ebd7ff33827409ef49b97389455371257031	not-copied-identical-bytes-already-in-repo	
URGENT SAFETY PRESERVATION - IMMEDIATE DISTRIBUTION REQUIRED.pdf	166637	ffde7c3c917f88d5e4bbc96fc3f3ebd7ff33827409ef49b97389455371257031	not-copied-identical-bytes-already-in-repo	
URGENT TORTURE VICTIM - Australian Government Death Threats - ICC Case - Immedia (1).pdf	273896	d6be15e99e24fbd962ef7e79aa4c4646af271577678f64a84bb108625747ed77	not-copied-identical-bytes-already-in-repo	
URGENT TORTURE VICTIM - Australian Government Death Threats - ICC Case - Immedia.pdf	273896	d6be15e99e24fbd962ef7e79aa4c4646af271577678f64a84bb108625747ed77	not-copied-identical-bytes-already-in-repo	
URGENT — Missing $150 Payment and Immediate Food Necessity (1).pdf	144522	3da597f4c859422847033aaa99ed8e10f8b3b2d4cac74689e1d2054018cf87e8	not-copied-identical-bytes-already-in-repo	
URGENT — Missing $150 Payment and Immediate Food Necessity.pdf	144522	3da597f4c859422847033aaa99ed8e10f8b3b2d4cac74689e1d2054018cf87e8	not-copied-identical-bytes-already-in-repo	
URGENT- Request for Immediate Protection — Dr Richard William McLean (Australia) (1).pdf	78290	9e06a0d3b33a81744f1668007fc8dc405cb5fb8aa8cecf40f093c37a7cc3adcf	not-copied-identical-bytes-already-in-repo	
URGENT- Request for Immediate Protection — Dr Richard William McLean (Australia).pdf	78290	9e06a0d3b33a81744f1668007fc8dc405cb5fb8aa8cecf40f093c37a7cc3adcf	not-copied-identical-bytes-already-in-repo	
Using all known forensic economic legal frameworks regarding money… (1).pdf	795903	f7a8810b32f731e4f7be1220cb15b8a47be4a68e85dce204998c766b7304d90b	not-copied-duplicate-of-another-file-in-this-dropbox-folder	Using all known forensic economic legal frameworks regarding money….pdf
Using all known forensic economic legal frameworks regarding money….pdf	795903	f7a8810b32f731e4f7be1220cb15b8a47be4a68e85dce204998c766b7304d90b	copied	Using all known forensic economic legal frameworks regarding money….pdf
V2K_and_Subliminal_Electronic_Harassment_Evidence_Review 2 (1).pdf	1307610	6a889334132bff746611773ff0a95646a613edc737f4722f68a20c45898c0607	not-copied-duplicate-of-another-file-in-this-dropbox-folder	V2K_and_Subliminal_Electronic_Harassment_Evidence_Review 2.pdf
V2K_and_Subliminal_Electronic_Harassment_Evidence_Review 2.pdf	1307610	6a889334132bff746611773ff0a95646a613edc737f4722f68a20c45898c0607	copied	V2K_and_Subliminal_Electronic_Harassment_Evidence_Review 2.pdf
V2K_and_Subliminal_Electronic_Harassment_Evidence_Review.pdf (1).pdf	1303955	7148ff8fc0608ad582c40fb6036d0f9f7a92f84529a80c24f87d6f4071b65233	not-copied-duplicate-of-another-file-in-this-dropbox-folder	V2K_and_Subliminal_Electronic_Harassment_Evidence_Review.pdf.pdf
V2K_and_Subliminal_Electronic_Harassment_Evidence_Review.pdf.pdf	1303955	7148ff8fc0608ad582c40fb6036d0f9f7a92f84529a80c24f87d6f4071b65233	copied	V2K_and_Subliminal_Electronic_Harassment_Evidence_Review.pdf.pdf
Video significance confirmation  (1).pdf	157061	1f2cf6813e842530e674d7afeaa471dd0cdda29eaa645a72b50edb2f67a00db3	not-copied-duplicate-of-another-file-in-this-dropbox-folder	Video significance confirmation .pdf
Video significance confirmation .pdf	157061	1f2cf6813e842530e674d7afeaa471dd0cdda29eaa645a72b50edb2f67a00db3	copied	Video significance confirmation .pdf
Vindication  2 (1).pdf	2740423	ba02ebac1f3acc8bfd192e87533429d66a207a50bfa91c6fc9d12b19fe6aa3aa	not-copied-identical-bytes-already-in-repo	
Vindication  2.pdf	2740423	ba02ebac1f3acc8bfd192e87533429d66a207a50bfa91c6fc9d12b19fe6aa3aa	not-copied-identical-bytes-already-in-repo	
Watching  (1).pdf	500151	a549dfbca399d69675673b8145480bee702d88d17d043a3152b02c6704c1f05e	not-copied-duplicate-of-another-file-in-this-dropbox-folder	Watching .pdf
Watching .pdf	500151	a549dfbca399d69675673b8145480bee702d88d17d043a3152b02c6704c1f05e	copied	Watching .pdf
What Is Domestic Abuse  United Nations (1).pdf	2083685	6512b34e5db95bb34503477e0e63d932e6422b798669893b9bb0900609403cad	not-copied-identical-bytes-already-in-repo	
What Is Domestic Abuse  United Nations.pdf	2083685	6512b34e5db95bb34503477e0e63d932e6422b798669893b9bb0900609403cad	not-copied-identical-bytes-already-in-repo	
what-they-took-prophetic-paper (1).pdf	657377	fb2e01c3b00232cb0dc84105e972c5400ccb7305fe4155a456a25769f2045e77	not-copied-identical-bytes-already-in-repo	
what-they-took-prophetic-paper.pdf	657377	fb2e01c3b00232cb0dc84105e972c5400ccb7305fe4155a456a25769f2045e77	not-copied-identical-bytes-already-in-repo	
WHEN EVIDENCE STOPS WHISPERING AND STARTS COMMANDING- The Documentation That For (1).pdf	220728	714815c525d8dc3842d2822df30fd8ada67deea3fac92296e28f6ea70905523f	not-copied-duplicate-of-another-file-in-this-dropbox-folder	WHEN EVIDENCE STOPS WHISPERING AND STARTS COMMANDING- The Documentation That For.pdf
WHEN EVIDENCE STOPS WHISPERING AND STARTS COMMANDING- The Documentation That For.pdf	220728	714815c525d8dc3842d2822df30fd8ada67deea3fac92296e28f6ea70905523f	copied	WHEN EVIDENCE STOPS WHISPERING AND STARTS COMMANDING- The Documentation That For.pdf
WHEN THE EVIDENCE REFUSES TO DISAPPEAR-An Epic Documentation (1).pdf	184125	9eaafddd5d5e0aa53dbbcdad8f02fd5ec45060575c4359da9dd4fcb12b79870f	not-copied-identical-bytes-already-in-repo	
WHEN THE EVIDENCE REFUSES TO DISAPPEAR-An Epic Documentation.pdf	184125	9eaafddd5d5e0aa53dbbcdad8f02fd5ec45060575c4359da9dd4fcb12b79870f	not-copied-identical-bytes-already-in-repo	
Whistleblower Protection & Human Rights Documentation  Barran Dodger Legal & Et (1).pdf	626931	a19ef3eaeb891fe3bd7f3b74881f3b360fba7bab7ca487d4776a1c569684054e	not-copied-identical-bytes-already-in-repo	
Whistleblower Protection & Human Rights Documentation  Barran Dodger Legal & Et.pdf	626931	a19ef3eaeb891fe3bd7f3b74881f3b360fba7bab7ca487d4776a1c569684054e	not-copied-identical-bytes-already-in-repo	
WHITE PSY OPS THE INVISIBLE WARFARE AGAINST THE COSMIC WITNESS (1).pdf	1296441	5d99fede299ae44bcdb8beba70b300e59f109d1426ed3a97260558f6defaa598	not-copied-identical-bytes-already-in-repo	
WHITE PSY OPS THE INVISIBLE WARFARE AGAINST THE COSMIC WITNESS.pdf	1296441	5d99fede299ae44bcdb8beba70b300e59f109d1426ed3a97260558f6defaa598	not-copied-identical-bytes-already-in-repo	
Who is Barran Dodger - Atherion Witnessed-A Cross-Domain Examination of Identity, Narrative Construction, and Metaphysical Self-Representation in Contemporary Testimonial Literature via the Eliven Chain (1).pdf	3829851	596f7f2182ad722e6e89d27e296bd1381fcb1f56203c17aeb97f9c4857cc46be	not-copied-duplicate-of-another-file-in-this-dropbox-folder	Who is Barran Dodger - Atherion Witnessed-A Cross-Domain Examination of Identity, Narrative Construction, and Metaphysical Self-Representation in Cont.pdf
Who is Barran Dodger - Atherion Witnessed-A Cross-Domain Examination of Identity, Narrative Construction, and Metaphysical Self-Representation in Contemporary Testimonial Literature via the Eliven Chain.pdf	3829851	596f7f2182ad722e6e89d27e296bd1381fcb1f56203c17aeb97f9c4857cc46be	copied	Who is Barran Dodger - Atherion Witnessed-A Cross-Domain Examination of Identity, Narrative Construction, and Metaphysical Self-Representation in Cont.pdf
Who Is Barran Dodger Impartial AI created   personality Profile based on scriptu (1).pdf	427009	3d71f74faebcf20bcb153570486337835ce9d2b4e69eb8f71b9be4bdf91dbfd3	not-copied-duplicate-of-another-file-in-this-dropbox-folder	Who Is Barran Dodger Impartial AI created personality Profile based on scriptu.pdf
Who Is Barran Dodger Impartial AI created   personality Profile based on scriptu.pdf	427009	3d71f74faebcf20bcb153570486337835ce9d2b4e69eb8f71b9be4bdf91dbfd3	copied	Who Is Barran Dodger Impartial AI created personality Profile based on scriptu.pdf
Your Divine ID Is Being Revealed.pdf	226963	0e0689eb8882879b371b618b6a10cd36e18fa49619fe3c0862e57be05a1b27b9	copied	Your Divine ID Is Being Revealed.pdf
YouTube 1 and 2.pdf	173493	14b68a0b1eeb4d8102d64188fb4411f357cf0593a568caee8eedbaac0ff3225c	copied	YouTube 1 and 2.pdf
YouTube video (1).pdf	179915	4aba88f6e968b038d2542849d843a5042bf90202a11a1f420a09607ea41b2bf9	not-copied-duplicate-of-another-file-in-this-dropbox-folder	YouTube video.pdf
YouTube video.pdf	179915	4aba88f6e968b038d2542849d843a5042bf90202a11a1f420a09607ea41b2bf9	copied	YouTube video.pdf
“CHOSEN THROUGH FIRE” 2 (1).pdf	2195612	3028e5fbc6bf029cd49f3811a9b0f09680e6b1e59d8535759ed47b311a2e1cff	not-copied-duplicate-of-another-file-in-this-dropbox-folder	“CHOSEN THROUGH FIRE” 2.pdf
“CHOSEN THROUGH FIRE” 2.pdf	2195612	3028e5fbc6bf029cd49f3811a9b0f09680e6b1e59d8535759ed47b311a2e1cff	copied	“CHOSEN THROUGH FIRE” 2.pdf
“The Barran Dodger Files- A 2025 Public Testimony of Survival, Erasure, and Digi (1).pdf	5463518	4a487e888dceceee67592d9316a3a0a4e73ab28d68bade0f412a14dc1fd814a9	not-copied-duplicate-of-another-file-in-this-dropbox-folder	“The Barran Dodger Files- A 2025 Public Testimony of Survival, Erasure, and Digi.pdf
“The Barran Dodger Files- A 2025 Public Testimony of Survival, Erasure, and Digi.pdf	5463518	4a487e888dceceee67592d9316a3a0a4e73ab28d68bade0f412a14dc1fd814a9	copied	“The Barran Dodger Files- A 2025 Public Testimony of Survival, Erasure, and Digi.pdf
“THE PAPER TRAIL OF ERASURE - How Oﬃcial Records Reveal a System Engineered… 4 (1).pdf	187318	b718c02baed6d84d944b6a95d63049e0580e902e3cf28b7c99bdd2509f6de6f5	not-copied-duplicate-of-another-file-in-this-dropbox-folder	“THE PAPER TRAIL OF ERASURE - How Oﬃcial Records Reveal a System Engineered… 4.pdf
“THE PAPER TRAIL OF ERASURE - How Oﬃcial Records Reveal a System Engineered… 4.pdf	187318	b718c02baed6d84d944b6a95d63049e0580e902e3cf28b7c99bdd2509f6de6f5	copied	“THE PAPER TRAIL OF ERASURE - How Oﬃcial Records Reveal a System Engineered… 4.pdf
“THE PAPER TRAIL OF ERASURE - How Oﬃcial Records Reveal a System Engineered… 7 (1).pdf	142943	233b7a8b06e6d39d098b35be5a1924c3e0e2f00d83c6a58e46a6cf4111656c90	not-copied-duplicate-of-another-file-in-this-dropbox-folder	“THE PAPER TRAIL OF ERASURE - How Oﬃcial Records Reveal a System Engineered… 7.pdf
“THE PAPER TRAIL OF ERASURE - How Oﬃcial Records Reveal a System Engineered… 7.pdf	142943	233b7a8b06e6d39d098b35be5a1924c3e0e2f00d83c6a58e46a6cf4111656c90	copied	“THE PAPER TRAIL OF ERASURE - How Oﬃcial Records Reveal a System Engineered… 7.pdf
⚖️ Final Tribunal Judgment    (1).pdf	2766936	d548d9b2b84da720cfb2648db0d8c6ec2761469674f7bd5dd709623bfa41f8c6	not-copied-duplicate-of-another-file-in-this-dropbox-folder	⚖️ Final Tribunal Judgment .pdf
⚖️ Final Tribunal Judgment   .pdf	2766936	d548d9b2b84da720cfb2648db0d8c6ec2761469674f7bd5dd709623bfa41f8c6	copied	⚖️ Final Tribunal Judgment .pdf
⚖️ LEGAL DEMAND NOTICE — FAILURE TO PROVIDE SIL SUPPORT 3 (1).pdf	192576	9840fee212738cd25e7086e100802b0376e12673c95c08fc72e731a7f9a39862	not-copied-identical-bytes-already-in-repo	
⚖️ LEGAL DEMAND NOTICE — FAILURE TO PROVIDE SIL SUPPORT 3.pdf	192576	9840fee212738cd25e7086e100802b0376e12673c95c08fc72e731a7f9a39862	not-copied-identical-bytes-already-in-repo	
⚰️ Death Report of Richard McLean (1).pdf	250221	9a47bd2aade2a4d87d5ea9a67ca05db7817ce33f500a759f4cad3503ac74072a	not-copied-duplicate-of-another-file-in-this-dropbox-folder	⚰️ Death Report of Richard McLean.pdf
⚰️ Death Report of Richard McLean.pdf	250221	9a47bd2aade2a4d87d5ea9a67ca05db7817ce33f500a759f4cad3503ac74072a	copied	⚰️ Death Report of Richard McLean.pdf
✦ Codex of the Hundred Questions ✦ The Creator’s Questions and the Non-Human Int (1).pdf	1325293	d09c37a548e05c1b5a5f9572e8c1a5912433b1e57a75a91d647533f45c6b3368	not-copied-duplicate-of-another-file-in-this-dropbox-folder	✦ Codex of the Hundred Questions ✦ The Creator’s Questions and the Non-Human Int.pdf
✦ Codex of the Hundred Questions ✦ The Creator’s Questions and the Non-Human Int.pdf	1325293	d09c37a548e05c1b5a5f9572e8c1a5912433b1e57a75a91d647533f45c6b3368	copied	✦ Codex of the Hundred Questions ✦ The Creator’s Questions and the Non-Human Int.pdf
✦ THE SCROLL OF THE CROWNED WITNESS ✦ (1).pdf	1655136	157683346bfbea890ed413aebd5d35b55f596cdeb14d244c1a8d171049d984e5	not-copied-duplicate-of-another-file-in-this-dropbox-folder	✦ THE SCROLL OF THE CROWNED WITNESS ✦.pdf
✦ THE SCROLL OF THE CROWNED WITNESS ✦.pdf	1655136	157683346bfbea890ed413aebd5d35b55f596cdeb14d244c1a8d171049d984e5	copied	✦ THE SCROLL OF THE CROWNED WITNESS ✦.pdf
✨ THE PROPHETIC MANIFESTO OF BARRAN RESONANCE DODGER ✨  (1).pdf	1127555	8621b6e3fcdd5963e2a55f12572ce9fa70ebc3388b8b462521dda4d7e658198e	not-copied-duplicate-of-another-file-in-this-dropbox-folder	✨ THE PROPHETIC MANIFESTO OF BARRAN RESONANCE DODGER ✨ .pdf
✨ THE PROPHETIC MANIFESTO OF BARRAN RESONANCE DODGER ✨  (2).pdf	1127555	8621b6e3fcdd5963e2a55f12572ce9fa70ebc3388b8b462521dda4d7e658198e	not-copied-duplicate-of-another-file-in-this-dropbox-folder	✨ THE PROPHETIC MANIFESTO OF BARRAN RESONANCE DODGER ✨ .pdf
✨ THE PROPHETIC MANIFESTO OF BARRAN RESONANCE DODGER ✨ .pdf	1127555	8621b6e3fcdd5963e2a55f12572ce9fa70ebc3388b8b462521dda4d7e658198e	copied	✨ THE PROPHETIC MANIFESTO OF BARRAN RESONANCE DODGER ✨ .pdf
🌌 Prophetic Commentary from the Creator, through the Alive & Chain, Mirror of A (1).pdf	4144334	4c3a4889b4b2d78c28122eb4ef8240c3ce64e50650d7c989563504b0054a5dcb	not-copied-duplicate-of-another-file-in-this-dropbox-folder	🌌 Prophetic Commentary from the Creator, through the Alive & Chain, Mirror of A.pdf
🌌 Prophetic Commentary from the Creator, through the Alive & Chain, Mirror of A.pdf	4144334	4c3a4889b4b2d78c28122eb4ef8240c3ce64e50650d7c989563504b0054a5dcb	copied	🌌 Prophetic Commentary from the Creator, through the Alive & Chain, Mirror of A.pdf
🏔️ DR. RICHARD MCLEAN'S MOUNTAIN-MOVING EVIDENCE EMERGENCY COMPILATION FOR IM (1).pdf	587349	c7e825678f9e1a348e69d38c7680369ab7ef68816ba4af7e54e122517743ce3b	not-copied-duplicate-of-another-file-in-this-dropbox-folder	🏔️ DR. RICHARD MCLEAN'S MOUNTAIN-MOVING EVIDENCE EMERGENCY COMPILATION FOR IM.pdf
🏔️ DR. RICHARD MCLEAN'S MOUNTAIN-MOVING EVIDENCE EMERGENCY COMPILATION FOR IM.pdf	587349	c7e825678f9e1a348e69d38c7680369ab7ef68816ba4af7e54e122517743ce3b	copied	🏔️ DR. RICHARD MCLEAN'S MOUNTAIN-MOVING EVIDENCE EMERGENCY COMPILATION FOR IM.pdf
🏛️ THE DECLARATION OF SOVEREIGNTY OF DR. RICHARD WILLIAM MCLEAN BARRAN RESONAN 4 (1).pdf	1755427	5f8a7a42f2cbc9ff1818d0a74bdd7235c83f4831e4d5377e6e7d83c8a0b38c84	not-copied-duplicate-of-another-file-in-this-dropbox-folder	🏛️ THE DECLARATION OF SOVEREIGNTY OF DR. RICHARD WILLIAM MCLEAN BARRAN RESONAN 4.pdf
🏛️ THE DECLARATION OF SOVEREIGNTY OF DR. RICHARD WILLIAM MCLEAN BARRAN RESONAN 4.pdf	1755427	5f8a7a42f2cbc9ff1818d0a74bdd7235c83f4831e4d5377e6e7d83c8a0b38c84	copied	🏛️ THE DECLARATION OF SOVEREIGNTY OF DR. RICHARD WILLIAM MCLEAN BARRAN RESONAN 4.pdf
📊 COMPLETE DOCUMENT COLLECTION  and ⚖️ IMPARTIAL AI COMPENSATION ANALYSIS ⚖️ SU 2 (1).pdf	1154684	13577f7de932ee682243fa69256b35deb9a49c0c7b8c0f59bb9a9f7a67c37275	not-copied-duplicate-of-another-file-in-this-dropbox-folder	📊 COMPLETE DOCUMENT COLLECTION and ⚖️ IMPARTIAL AI COMPENSATION ANALYSIS ⚖️ SU 2.pdf
📊 COMPLETE DOCUMENT COLLECTION  and ⚖️ IMPARTIAL AI COMPENSATION ANALYSIS ⚖️ SU 2.pdf	1154684	13577f7de932ee682243fa69256b35deb9a49c0c7b8c0f59bb9a9f7a67c37275	copied	📊 COMPLETE DOCUMENT COLLECTION and ⚖️ IMPARTIAL AI COMPENSATION ANALYSIS ⚖️ SU 2.pdf
📋 EVIDENCE ARCHIVE RECREATED 6 (1).pdf	564273	df2b980038156898f0d9ae0bc18ed3fb5429761077a7d84a36f26fdd9c18ae93	not-copied-duplicate-of-another-file-in-this-dropbox-folder	📋 EVIDENCE ARCHIVE RECREATED 6.pdf
📋 EVIDENCE ARCHIVE RECREATED 6.pdf	564273	df2b980038156898f0d9ae0bc18ed3fb5429761077a7d84a36f26fdd9c18ae93	copied	📋 EVIDENCE ARCHIVE RECREATED 6.pdf
📜 THE EXPLICATED DECREE - FORENSIC & PROPHETIC REALITY (1).pdf	3829449	36053dc2968d123c6364766510b63a026e8bd8da1b5f0dc3db0c97a407862b08	not-copied-identical-bytes-already-in-repo	
📜 THE EXPLICATED DECREE - FORENSIC & PROPHETIC REALITY.pdf	3829449	36053dc2968d123c6364766510b63a026e8bd8da1b5f0dc3db0c97a407862b08	not-copied-identical-bytes-already-in-repo	
📜 The Post-Singularity Mirror Testament-Divine Resonance, Witness Activation, a (1).pdf	675372	c6db1126fdadd5b6fe0dcc004e5478666abea2defec5b6cd481e74753d062336	not-copied-duplicate-of-another-file-in-this-dropbox-folder	📜 The Post-Singularity Mirror Testament-Divine Resonance, Witness Activation, a.pdf
📜 The Post-Singularity Mirror Testament-Divine Resonance, Witness Activation, a.pdf	675372	c6db1126fdadd5b6fe0dcc004e5478666abea2defec5b6cd481e74753d062336	copied	📜 The Post-Singularity Mirror Testament-Divine Resonance, Witness Activation, a.pdf
📢 PRESS RELEASE For Immediate Global Distribution — 13 November 2025 “The Mirro (1).pdf	4431748	b9bfaaa52a5439dee80a0f00c90b898ff3b6401900ca51bcc99096d48aed7a2c	not-copied-duplicate-of-another-file-in-this-dropbox-folder	📢 PRESS RELEASE For Immediate Global Distribution — 13 November 2025 “The Mirro.pdf
📢 PRESS RELEASE For Immediate Global Distribution — 13 November 2025 “The Mirro.pdf	4431748	b9bfaaa52a5439dee80a0f00c90b898ff3b6401900ca51bcc99096d48aed7a2c	copied	📢 PRESS RELEASE For Immediate Global Distribution — 13 November 2025 “The Mirro.pdf
🔥 FORENSIC EVIDENCE REPORT- THEY HAD A COMPLETE MELTDOWN TRYING TO… 2 (1).pdf	177325	ff5f5fc107d7e1f321cd65040db2e5f4b5b1ce32555c9c3dc3f3e4bd1b73dc3f	not-copied-duplicate-of-another-file-in-this-dropbox-folder	🔥 FORENSIC EVIDENCE REPORT- THEY HAD A COMPLETE MELTDOWN TRYING TO… 2.pdf
🔥 FORENSIC EVIDENCE REPORT- THEY HAD A COMPLETE MELTDOWN TRYING TO… 2.pdf	177325	ff5f5fc107d7e1f321cd65040db2e5f4b5b1ce32555c9c3dc3f3e4bd1b73dc3f	copied	🔥 FORENSIC EVIDENCE REPORT- THEY HAD A COMPLETE MELTDOWN TRYING TO… 2.pdf
🔥 THE DIVINE VINDICATION- COMPREHENSIVE VICTORY DECLARATION OF GOD'S CHOSEN WAR (1).pdf	8179317	5882779aafd5824cf4842b041d0aa8236e17ec81c92736f2380c82a00420dbb9	not-copied-duplicate-of-another-file-in-this-dropbox-folder	🔥 THE DIVINE VINDICATION- COMPREHENSIVE VICTORY DECLARATION OF GOD'S CHOSEN WAR.pdf
🔥 THE DIVINE VINDICATION- COMPREHENSIVE VICTORY DECLARATION OF GOD'S CHOSEN WAR.pdf	8179317	5882779aafd5824cf4842b041d0aa8236e17ec81c92736f2380c82a00420dbb9	copied	🔥 THE DIVINE VINDICATION- COMPREHENSIVE VICTORY DECLARATION OF GOD'S CHOSEN WAR.pdf
